drwNo,drwNoDate,Total_sell_amount,total_paper,No1,No2,No3,No4,No5,No6,Bonus,Winners,sim.Winners,auto,man,semi-auto
1,2002-12-07,3681782000,1840891,10,23,29,33,37,40,16,0,0,0,0,0
2,2002-12-14,4904274000,2452137,9,13,21,25,32,42,2,1,0,0,0,0
3,2002-12-21,4729342000,2364671,11,16,19,21,27,31,30,1,0,0,0,0
4,2002-12-28,5271464000,2635732,14,27,30,31,40,42,2,0,0,0,0,0
5,2003-01-04,6277102000,3138551,16,24,29,40,41,42,3,0,0,0,0,0
6,2003-01-11,15305356000,7652678,14,15,26,27,40,42,34,1,0,0,0,0
7,2003-01-18,12794890000,6397445,2,9,16,25,26,40,42,0,0,0,0,0
8,2003-01-25,20751450000,10375725,8,19,25,34,37,39,9,0,1,0,0,0
9,2003-02-01,73624020000,36812010,2,4,16,17,36,39,14,0,2,0,0,0
10,2003-02-08,2.61E+11,130428196,9,25,30,33,41,44,6,13,18,0,0,0
11,2003-02-15,91925306000,45962653,1,7,36,37,41,42,14,5,4,0,0,0
12,2003-02-22,76255508000,38127754,2,11,21,25,39,45,44,12,5,0,0,0
13,2003-03-01,66532136000,33266068,22,23,25,37,38,42,26,0,8,0,0,0
14,2003-03-08,99838648000,49919324,2,6,12,31,33,40,15,4,7,0,0,0
15,2003-03-15,73264910000,36632455,3,4,16,30,31,37,13,1,8,0,0,0
16,2003-03-22,75777348000,37888674,6,7,24,37,38,40,33,4,2,0,0,0
17,2003-03-29,72718152000,36359076,3,4,9,17,32,37,1,3,6,0,0,0
18,2003-04-05,66371660000,33185830,3,12,13,19,32,35,29,0,4,0,0,0
19,2003-04-12,1.06E+11,52978909,6,30,38,39,40,43,26,1,8,0,0,0
20,2003-04-19,81056776000,40528388,10,14,18,20,23,30,41,1,10,0,0,0
21,2003-04-26,84247142000,42123571,6,12,17,18,31,32,21,23,5,0,0,0
22,2003-05-03,79455152000,39727576,4,5,6,8,17,39,25,4,6,0,0,0
23,2003-05-10,77374256000,38687128,5,13,17,18,33,42,44,4,1,0,0,0
24,2003-05-17,78486634000,39243317,7,8,27,29,36,43,6,0,7,0,0,0
25,2003-05-24,1.20E+11,60036884,2,4,21,26,43,44,16,2,8,0,0,0
26,2003-05-31,80193026000,40096513,4,5,7,18,20,25,31,5,5,0,0,0
27,2003-06-07,76145050000,38072525,1,20,26,28,37,43,27,2,3,0,0,0
28,2003-06-14,75448366000,37724183,9,18,23,25,35,37,1,10,4,0,0,0
29,2003-06-21,74523120000,37261560,1,5,13,34,39,40,11,5,7,0,0,0
30,2003-06-28,72399690000,36199845,8,17,20,35,36,44,4,2,3,0,0,0
31,2003-07-05,71317306000,35658653,7,9,18,23,28,35,32,2,4,0,0,0
32,2003-07-12,71179198000,35589599,6,14,19,25,34,44,11,10,7,0,0,0
33,2003-07-19,67457252000,33728626,4,7,32,33,40,41,9,1,2,0,0,0
34,2003-07-26,69389894000,34694947,9,26,35,37,40,42,2,5,2,0,0,0
35,2003-08-02,66143062000,33071531,2,3,11,26,37,43,39,3,7,0,0,0
36,2003-08-09,66856686000,33428343,1,10,23,26,28,40,31,1,4,0,0,0
37,2003-08-16,65509794000,32754897,7,27,30,33,35,37,42,3,7,0,0,0
38,2003-08-23,67369284000,33684642,16,17,22,30,37,43,36,3,4,0,0,0
39,2003-08-30,66094476000,33047238,6,7,13,15,21,43,8,6,4,0,0,0
40,2003-09-06,65699086000,32849543,7,13,18,19,25,26,6,13,7,0,0,0
41,2003-09-13,57624562000,28812281,13,20,23,35,38,43,34,0,6,0,0,0
42,2003-09-20,1.20E+11,59954870,17,18,19,21,23,32,1,6,6,0,0,0
43,2003-09-27,74686296000,37343148,6,31,35,38,39,44,1,1,6,0,0,0
44,2003-10-04,69956950000,34978475,3,11,21,30,38,45,39,5,0,0,0,0
45,2003-10-11,71216232000,35608116,1,10,20,27,33,35,17,2,4,0,0,0
46,2003-10-18,68181568000,34090784,8,13,15,23,31,38,39,3,3,0,0,0
47,2003-10-25,67756694000,33878347,14,17,26,31,36,45,27,5,4,0,0,0
48,2003-11-01,65806832000,32903416,6,10,18,26,37,38,3,6,4,0,0,0
49,2003-11-08,64501142000,32250571,4,7,16,19,33,40,30,7,3,0,0,0
50,2003-11-15,65563234000,32781617,2,10,12,15,22,44,1,3,5,0,0,0
51,2003-11-22,62553680000,31276840,2,3,11,16,26,44,35,6,2,0,0,0
52,2003-11-29,64393446000,32196723,2,4,15,16,20,29,1,4,2,0,0,0
53,2003-12-06,64996010000,32498005,7,8,14,32,33,39,42,3,4,0,0,0
54,2003-12-13,63833006000,31916503,1,8,21,27,36,39,37,3,3,0,0,0
55,2003-12-20,62195764000,31097882,17,21,31,37,40,44,7,2,3,0,0,0
56,2003-12-27,65258932000,32629466,10,14,30,31,33,37,19,4,5,0,0,0
57,2004-01-03,70132666000,35066333,7,10,16,25,29,44,6,4,3,0,0,0
58,2004-01-10,66638136000,33319068,10,24,25,33,40,44,1,4,2,0,0,0
59,2004-01-17,67563698000,33781849,6,29,36,39,41,45,13,4,4,0,0,0
60,2004-01-24,65405936000,32702968,2,8,25,36,39,42,11,7,2,0,0,0
61,2004-01-31,73312994000,36656497,14,15,19,30,38,43,8,5,6,0,0,0
62,2004-02-07,66740368000,33370184,3,8,15,27,29,35,21,1,2,0,0,0
63,2004-02-14,67074050000,33537025,3,20,23,36,38,40,5,2,6,0,0,0
64,2004-02-21,65085154000,32542577,14,15,18,21,26,36,39,4,4,0,0,0
65,2004-02-28,66685144000,33342572,4,25,33,36,40,43,39,4,4,0,0,0
66,2004-03-06,63378796000,31689398,2,3,7,17,22,24,45,4,4,0,0,0
67,2004-03-13,64314872000,32157436,3,7,10,15,36,38,33,7,4,0,0,0
68,2004-03-20,63813236000,31906618,10,12,15,16,26,39,38,5,3,0,0,0
69,2004-03-27,63711302000,31855651,5,8,14,15,19,39,35,3,2,0,0,0
70,2004-04-03,63232578000,31616289,5,19,22,25,28,43,26,3,3,0,0,0
71,2004-04-10,62889986000,31444993,5,9,12,16,29,41,21,0,1,0,0,0
72,2004-04-17,1.26E+11,62825607,2,4,11,17,26,27,1,13,10,0,0,0
73,2004-04-24,72635862000,36317931,3,12,18,32,40,43,38,6,3,0,0,0
74,2004-05-01,68902158000,34451079,6,15,17,18,35,40,23,3,4,0,0,0
75,2004-05-08,66138372000,33069186,2,5,24,32,34,44,28,4,3,0,0,0
76,2004-05-15,65083924000,32541962,1,3,15,22,25,37,43,2,7,0,0,0
77,2004-05-22,64420666000,32210333,2,18,29,32,43,44,37,3,10,0,0,0
78,2004-05-29,61257794000,30628897,10,13,25,29,33,35,38,4,5,0,0,0
79,2004-06-05,60390004000,30195002,3,12,24,27,30,32,14,4,1,0,0,0
80,2004-06-12,60160440000,30080220,17,18,24,25,26,30,1,1,1,0,0,0
81,2004-06-19,60983308000,30491654,5,7,11,13,20,33,6,5,0,0,0,0
82,2004-06-26,61302808000,30651404,1,2,3,14,27,42,39,1,4,0,0,0
83,2004-07-03,62512062000,31256031,6,10,15,17,19,34,14,2,3,0,0,0
84,2004-07-10,62780760000,31390380,16,23,27,34,42,45,11,2,5,0,0,0
85,2004-07-17,59451304000,29725652,6,8,13,23,31,36,21,4,4,0,0,0
86,2004-07-24,59835968000,29917984,2,12,37,39,41,45,33,1,1,0,0,0
87,2004-07-31,83793642000,41896821,4,12,16,23,34,43,26,11,2,0,0,0
88,2004-08-07,51910612000,51910612,1,17,20,24,30,41,27,4,8,0,0,0
89,2004-08-14,55102179000,55102179,4,26,28,29,33,40,37,3,8,0,0,0
90,2004-08-21,55493544000,55493544,17,20,29,35,38,44,10,4,5,0,0,0
91,2004-08-28,59061052000,59061052,1,21,24,26,29,42,27,4,7,0,0,0
92,2004-09-04,58296001000,58296001,3,14,24,33,35,36,17,11,7,0,0,0
93,2004-09-11,57236313000,57236313,6,22,24,36,38,44,19,6,5,0,0,0
94,2004-09-18,57144729000,57144729,5,32,34,40,41,45,6,6,5,0,0,0
95,2004-09-25,60077493000,60077493,8,17,27,31,34,43,14,8,2,0,0,0
96,2004-10-02,54217572000,54217572,1,3,8,21,22,31,20,7,10,0,0,0
97,2004-10-09,57713200000,57713200,6,7,14,15,20,36,3,9,10,0,0,0
98,2004-10-16,56231084000,56231084,6,9,16,23,24,32,43,4,6,0,0,0
99,2004-10-23,56207491000,56207491,1,3,10,27,29,37,11,6,7,0,0,0
100,2004-10-30,56561977000,56561977,1,7,11,23,37,42,6,4,4,0,0,0
101,2004-11-06,57585065000,57585065,1,3,17,32,35,45,8,5,5,0,0,0
102,2004-11-13,56937962000,56937962,17,22,24,26,35,40,42,9,3,0,0,0
103,2004-11-20,57420615000,57420615,5,14,15,27,30,45,10,8,8,0,0,0
104,2004-11-27,56533705000,56533705,17,32,33,34,42,44,35,2,5,0,0,0
105,2004-12-04,57479716000,57479716,8,10,20,34,41,45,28,4,6,0,0,0
106,2004-12-11,57384485000,57384485,4,10,12,22,24,33,29,16,7,0,0,0
107,2004-12-18,57545202000,57545202,1,4,5,6,9,31,17,2,4,0,0,0
108,2004-12-25,58875228000,58875228,7,18,22,23,29,44,12,7,8,0,0,0
109,2005-01-01,62584098000,62584098,1,5,34,36,42,44,33,12,8,0,0,0
110,2005-01-08,57625490000,57625490,7,20,22,23,29,43,1,3,4,0,0,0
111,2005-01-15,57876999000,57876999,7,18,31,33,36,40,27,6,6,0,0,0
112,2005-01-22,59292005000,59292005,26,29,30,33,41,42,43,9,5,0,0,0
113,2005-01-29,59258248000,59258248,4,9,28,33,36,45,26,9,5,0,0,0
114,2005-02-05,60079401000,60079401,11,14,19,26,28,41,2,6,5,0,0,0
115,2005-02-12,59130557000,59130557,1,2,6,9,25,28,31,9,9,0,0,0
116,2005-02-19,61606084000,61606084,2,4,25,31,34,37,17,7,12,0,0,0
117,2005-02-26,59429610000,59429610,5,10,22,34,36,44,35,9,12,0,0,0
118,2005-03-05,57171934000,57171934,3,4,10,17,19,22,38,10,7,0,0,0
119,2005-03-12,57800632000,57800632,3,11,13,14,17,21,38,9,4,0,0,0
120,2005-03-19,57418983000,57418983,4,6,10,11,32,37,30,3,13,0,0,0
121,2005-03-26,57134544000,57134544,12,28,30,34,38,43,9,2,10,0,0,0
122,2005-04-02,56171704000,56171704,1,11,16,17,36,40,8,9,12,0,0,0
123,2005-04-09,54097448000,54097448,7,17,18,28,30,45,27,5,6,0,0,0
124,2005-04-16,54180838000,54180838,4,16,23,25,29,42,1,9,4,0,0,0
125,2005-04-23,53149705000,53149705,2,8,32,33,35,36,18,7,6,0,0,0
126,2005-04-30,52748965000,52748965,7,20,22,27,40,43,1,9,4,0,0,0
127,2005-05-07,50752603000,50752603,3,5,10,29,32,43,35,6,8,0,0,0
128,2005-05-14,52310392000,52310392,12,30,34,36,37,45,39,6,5,0,0,0
129,2005-05-21,51555754000,51555754,19,23,25,28,38,42,17,11,4,0,0,0
130,2005-05-28,51359012000,51359012,7,19,24,27,42,45,31,4,5,0,0,0
131,2005-06-04,50231773000,50231773,8,10,11,14,15,21,37,8,6,0,0,0
132,2005-06-11,49921897000,49921897,3,17,23,34,41,45,43,4,10,0,0,0
133,2005-06-18,50889926000,50889926,4,7,15,18,23,26,13,8,7,0,0,0
134,2005-06-25,50445575000,50445575,3,12,20,23,31,35,43,5,16,0,0,0
135,2005-07-02,51062672000,51062672,6,14,22,28,35,39,16,7,4,0,0,0
136,2005-07-09,51144633000,51144633,2,16,30,36,41,42,11,6,8,0,0,0
137,2005-07-16,49978654000,49978654,7,9,20,25,36,39,15,9,7,0,0,0
138,2005-07-23,47688450000,47688450,10,11,27,28,37,39,19,5,8,0,0,0
139,2005-07-30,48371085000,48371085,9,11,15,20,28,43,13,7,6,0,0,0
140,2005-08-06,45983464000,45983464,3,13,17,18,19,28,8,5,3,0,0,0
141,2005-08-13,48016958000,48016958,8,12,29,31,42,43,2,6,8,0,0,0
142,2005-08-20,48012844000,48012844,12,16,30,34,40,44,19,11,3,0,0,0
143,2005-08-27,49415357000,49415357,26,27,28,42,43,45,8,3,8,0,0,0
144,2005-09-03,49202521000,49202521,4,15,17,26,36,37,43,8,3,0,0,0
145,2005-09-10,48913832000,48913832,2,3,13,20,27,44,9,3,8,0,0,0
146,2005-09-17,50677555000,50677555,2,19,27,35,41,42,25,2,3,0,0,0
147,2005-09-24,50345605000,50345605,4,6,13,21,40,42,36,7,3,0,0,0
148,2005-10-01,49523247000,49523247,21,25,33,34,35,36,17,5,4,0,0,0
149,2005-10-08,48406950000,48406950,2,11,21,34,41,42,27,7,5,0,0,0
150,2005-10-15,48763778000,48763778,2,18,25,28,37,39,16,4,3,0,0,0
151,2005-10-22,47357067000,47357067,1,2,10,13,18,19,15,4,6,0,0,0
152,2005-10-29,48180334000,48180334,1,5,13,26,29,34,43,5,4,0,0,0
153,2005-11-05,47777735000,47777735,3,8,11,12,13,36,33,4,9,0,0,0
154,2005-11-12,48022386000,48022386,6,19,21,35,40,45,20,4,9,0,0,0
155,2005-11-19,46140202000,46140202,16,19,20,32,33,41,4,9,7,0,0,0
156,2005-11-26,47344584000,47344584,5,18,28,30,42,45,2,8,6,0,0,0
157,2005-12-03,46853365000,46853365,19,26,30,33,35,39,37,2,3,0,0,0
158,2005-12-10,46368888000,46368888,4,9,13,18,21,34,7,10,13,0,0,0
159,2005-12-17,44311926000,44311926,1,18,30,41,42,43,32,6,5,0,0,0
160,2005-12-24,46833239000,46833239,3,7,8,34,39,41,1,2,3,0,0,0
161,2005-12-31,53096453000,53096453,22,34,36,40,42,45,44,7,6,0,0,0
162,2006-01-07,49050086000,49050086,1,5,21,25,38,41,24,5,7,0,0,0
163,2006-01-14,49018952000,49018952,7,11,26,28,29,44,16,7,7,0,0,0
164,2006-01-21,53052119000,53052119,6,9,10,11,39,41,27,3,4,0,0,0
165,2006-01-28,58088118000,58088118,5,13,18,19,22,42,31,2,5,0,0,0
166,2006-02-04,52157466000,52157466,9,12,27,36,39,45,14,11,5,0,0,0
167,2006-02-11,52744392000,52744392,24,27,28,30,36,39,4,5,5,0,0,0
168,2006-02-18,51496212000,51496212,3,10,31,40,42,43,30,5,2,0,0,0
169,2006-02-25,52076183000,52076183,16,27,35,37,43,45,19,5,7,0,0,0
170,2006-03-04,49718245000,49718245,2,11,13,15,31,42,10,6,5,0,0,0
171,2006-03-11,50357474000,50357474,4,16,25,29,34,35,1,6,5,0,0,0
172,2006-03-18,50758266000,50758266,4,19,21,24,26,41,35,11,5,0,0,0
173,2006-03-25,52286521000,52286521,3,9,24,30,33,34,18,8,5,0,0,0
174,2006-04-01,52340568000,52340568,13,14,18,22,35,39,16,7,6,0,0,0
175,2006-04-08,50895147000,50895147,19,26,28,31,33,36,17,5,6,0,0,0
176,2006-04-15,50488528000,50488528,4,17,30,32,33,34,15,5,9,0,0,0
177,2006-04-22,50480325000,50480325,1,10,13,16,37,43,6,7,8,0,0,0
178,2006-04-29,49582758000,49582758,1,5,11,12,18,23,9,5,5,0,0,0
179,2006-05-06,47291694000,47291694,5,9,17,25,39,43,32,10,8,0,0,0
180,2006-05-13,48895477000,48895477,2,15,20,21,29,34,22,2,10,0,0,0
181,2006-05-20,49124446000,49124446,14,21,23,32,40,45,44,6,5,0,0,0
182,2006-05-27,47222594000,47222594,13,15,27,29,34,40,35,3,3,0,0,0
183,2006-06-03,45938460000,45938460,2,18,24,34,40,42,5,6,10,0,0,0
184,2006-06-10,45503351000,45503351,1,2,6,16,20,33,41,6,4,0,0,0
185,2006-06-17,45783088000,45783088,1,2,4,8,19,38,14,3,2,0,0,0
186,2006-06-24,45484428000,45484428,4,10,14,19,21,45,9,9,8,0,0,0
187,2006-07-01,45855961000,45855961,1,2,8,18,29,38,42,7,8,0,0,0
188,2006-07-08,45176242000,45176242,19,24,27,30,31,34,36,3,11,0,0,0
189,2006-07-15,43650551000,43650551,8,14,32,35,37,45,28,3,7,0,0,0
190,2006-07-22,44864459000,44864459,8,14,18,30,31,44,15,6,10,0,0,0
191,2006-07-29,44534869000,44534869,5,6,24,25,32,37,8,4,5,0,0,0
192,2006-08-05,42035065000,42035065,4,8,11,18,37,45,33,4,9,0,0,0
193,2006-08-12,43788477000,43788477,6,14,18,26,36,39,13,3,9,0,0,0
194,2006-08-19,44511515000,44511515,15,20,23,26,39,44,28,4,4,0,0,0
195,2006-08-26,44374725000,44374725,7,10,19,22,35,40,31,11,13,0,0,0
196,2006-09-02,45773496000,45773496,35,36,37,41,44,45,30,15,3,0,0,0
197,2006-09-09,45993306000,45993306,7,12,16,34,42,45,4,6,8,0,0,0
198,2006-09-16,45614021000,45614021,12,19,20,25,41,45,2,6,4,0,0,0
199,2006-09-23,45021068000,45021068,14,21,22,25,30,36,43,2,8,0,0,0
200,2006-09-30,46640423000,46640423,5,6,13,14,17,20,7,8,9,0,0,0
201,2006-10-07,42254768000,42254768,3,11,24,38,39,44,26,1,2,0,0,0
202,2006-10-14,48304034000,48304034,12,14,27,33,39,44,17,6,4,0,0,0
203,2006-10-21,47033359000,47033359,1,3,11,24,30,32,7,5,6,0,0,0
204,2006-10-28,46077750000,46077750,3,12,14,35,40,45,5,8,3,0,0,0
205,2006-11-04,46330516000,46330516,1,3,21,29,35,37,30,6,7,0,0,0
206,2006-11-11,44326979000,44326979,1,2,3,15,20,25,43,5,7,0,0,0
207,2006-11-18,45282336000,45282336,3,11,14,31,32,37,38,5,5,0,0,0
208,2006-11-25,45516378000,45516378,14,25,31,34,40,44,24,6,6,0,0,0
209,2006-12-02,43753377000,43753377,2,7,18,20,24,33,37,6,11,0,0,0
210,2006-12-09,44757963000,44757963,10,19,22,23,25,37,39,2,2,0,0,0
211,2006-12-16,45332675000,45332675,12,13,17,20,33,41,8,10,10,0,0,0
212,2006-12-23,46139120000,46139120,11,12,18,21,31,38,8,4,4,0,0,0
213,2006-12-30,48745094000,48745094,2,3,4,5,20,24,42,8,6,0,0,0
214,2007-01-06,49195740000,49195740,5,7,20,25,28,37,32,8,9,0,0,0
215,2007-01-13,47675761000,47675761,2,3,7,15,43,44,4,7,2,0,0,0
216,2007-01-20,48342018000,48342018,7,16,17,33,36,40,1,13,7,0,0,0
217,2007-01-27,48260644000,48260644,16,20,27,33,35,39,38,7,5,0,0,0
218,2007-02-03,47018314000,47018314,1,8,14,18,29,44,20,4,4,0,0,0
219,2007-02-10,46903745000,46903745,4,11,20,26,35,37,16,9,5,0,0,0
220,2007-02-17,50383399000,50383399,5,11,19,21,34,43,31,6,4,0,0,0
221,2007-02-24,47674135000,47674135,2,20,33,35,37,40,10,6,5,0,0,0
222,2007-03-03,47735197000,47735197,5,7,28,29,39,43,44,5,5,0,0,0
223,2007-03-10,46036874000,46036874,1,3,18,20,26,27,38,7,4,0,0,0
224,2007-03-17,46435109000,46435109,4,19,26,27,30,42,7,6,5,0,0,0
225,2007-03-24,46352016000,46352016,5,11,13,19,31,36,7,6,1,0,0,0
226,2007-03-31,45145643000,45145643,2,6,8,14,21,22,34,6,6,0,0,0
227,2007-04-07,44444776000,44444776,4,5,15,16,22,42,2,2,6,0,0,0
228,2007-04-14,44764100000,44764100,17,25,35,36,39,44,23,9,5,0,0,0
229,2007-04-21,44762989000,44762989,4,5,9,11,23,38,35,7,6,0,0,0
230,2007-04-28,44191351000,44191351,5,11,14,29,32,33,12,8,5,0,0,0
231,2007-05-05,42355627000,42355627,5,10,19,31,44,45,27,9,3,0,0,0
232,2007-05-12,43564632000,43564632,8,9,10,12,24,44,35,9,7,0,0,0
233,2007-05-19,43516805000,43516805,4,6,13,17,28,40,39,10,3,0,0,0
234,2007-05-26,42814085000,42814085,13,21,22,24,26,37,4,4,3,0,0,0
235,2007-06-02,43347391000,43347391,21,22,26,27,31,37,8,3,3,0,0,0
236,2007-06-09,42941871000,42941871,1,4,8,13,37,39,7,2,6,0,0,0
237,2007-06-16,43358287000,43358287,1,11,17,21,24,44,33,7,4,0,0,0
238,2007-06-23,42952477000,42952477,2,4,15,28,31,34,35,9,5,0,0,0
239,2007-06-30,43296565000,43296565,11,15,24,39,41,44,7,9,7,0,0,0
240,2007-07-07,43603443000,43603443,6,10,16,40,41,43,21,2,11,0,0,0
241,2007-07-14,43246894000,43246894,2,16,24,27,28,35,21,4,6,0,0,0
242,2007-07-21,42679760000,42679760,4,19,20,21,32,34,43,8,3,0,0,0
243,2007-07-28,41304830000,41304830,2,12,17,19,28,42,34,4,3,0,0,0
244,2007-08-04,39411047000,39411047,13,16,25,36,37,38,19,1,3,0,0,0
245,2007-08-11,41854623000,41854623,9,11,27,31,32,38,22,7,5,0,0,0
246,2007-08-18,41453154000,41453154,13,18,21,23,26,39,15,5,3,0,0,0
247,2007-08-25,42231698000,42231698,12,15,28,36,39,40,13,6,4,0,0,0
248,2007-09-01,42348403000,42348403,3,8,17,23,38,45,13,8,1,0,0,0
249,2007-09-08,42539134000,42539134,3,8,27,31,41,44,11,6,5,0,0,0
250,2007-09-15,42122808000,42122808,19,23,30,37,43,45,38,5,1,0,0,0
251,2007-09-22,44493014000,44493014,6,7,19,25,28,38,45,8,2,0,0,0
252,2007-09-29,41207920000,41207920,14,23,26,31,39,45,28,7,5,0,0,0
253,2007-10-06,42309347000,42309347,8,19,25,31,34,36,33,4,6,0,0,0
254,2007-10-13,42259113000,42259113,1,5,19,20,24,30,27,1,4,0,0,0
255,2007-10-20,41425341000,41425341,1,5,6,24,27,42,32,6,7,0,0,0
256,2007-10-27,41996580000,41996580,4,11,14,21,23,43,32,2,4,0,0,0
257,2007-11-03,41433637000,41433637,6,13,27,31,32,37,4,4,7,0,0,0
258,2007-11-10,41364428000,41364428,14,27,30,31,38,40,17,4,8,0,0,0
259,2007-11-17,40905570000,40905570,4,5,14,35,42,45,34,2,7,0,0,0
260,2007-11-24,40140211000,40140211,7,12,15,24,37,40,43,4,11,0,0,0
261,2007-12-01,41215041000,41215041,6,11,16,18,31,43,2,3,7,0,0,0
262,2007-12-08,39232234000,39232234,9,12,24,25,29,31,36,2,9,2,0,0
263,2007-12-15,39677128000,39677128,1,27,28,32,37,40,18,6,6,6,0,0
264,2007-12-22,39783178000,39783178,9,16,27,36,41,44,5,7,5,3,4,0
265,2007-12-29,40913922000,40913922,5,9,34,37,38,39,12,8,8,8,0,0
266,2008-01-05,41937067000,41937067,3,4,9,11,22,42,37,3,4,2,1,0
267,2008-01-12,41835853000,41835853,7,8,24,34,36,41,1,3,6,3,0,0
268,2008-01-19,41213802000,41213802,3,10,19,24,32,45,12,7,8,1,6,0
269,2008-01-26,41357619000,41357619,5,18,20,36,42,43,32,5,3,5,0,0
270,2008-02-02,41845351000,41845351,5,9,12,20,21,26,27,5,8,4,1,0
271,2008-02-09,40879633000,40879633,3,8,9,27,29,40,36,6,9,3,3,0
272,2008-02-16,43310674000,43310674,7,9,12,27,39,43,28,9,3,5,4,0
273,2008-02-23,42816211000,42816211,1,8,24,31,34,44,6,3,6,2,1,0
274,2008-03-01,42631711000,42631711,13,14,15,26,35,39,25,4,5,3,1,0
275,2008-03-08,42329813000,42329813,14,19,20,35,38,40,26,1,6,1,0,0
276,2008-03-15,42567610000,42567610,4,15,21,33,39,41,25,3,7,2,1,0
277,2008-03-22,41868708000,41868708,10,12,13,15,25,29,20,3,3,3,0,0
278,2008-03-29,41088180000,41088180,3,11,37,39,41,43,13,3,2,3,0,0
279,2008-04-05,41130542000,41130542,7,16,31,36,37,38,11,5,2,4,1,0
280,2008-04-12,40673999000,40673999,10,11,23,24,36,37,35,7,5,4,3,0
281,2008-04-19,40800514000,40800514,1,3,4,6,14,41,12,6,4,3,3,0
282,2008-04-26,41051175000,41051175,2,5,10,18,31,32,30,7,6,4,3,0
283,2008-05-03,40133316000,40133316,6,8,18,31,38,45,42,3,6,3,0,0
284,2008-05-10,39773403000,39773403,2,7,15,24,30,45,28,3,5,2,1,0
285,2008-05-17,40364871000,40364871,13,33,37,40,41,45,2,3,5,3,0,0
286,2008-05-24,40944483000,40944483,1,15,19,40,42,44,17,3,3,3,0,0
287,2008-05-31,40623489000,40623489,6,12,24,27,35,37,41,7,5,6,1,0
288,2008-06-07,39970134000,39970134,1,12,17,28,35,41,10,4,3,2,2,0
289,2008-06-14,39406643000,39406643,3,14,33,37,38,42,10,0,9,0,0,0
290,2008-06-21,80362302000,80362302,8,13,18,32,39,45,7,13,6,10,3,0
291,2008-06-28,44143418000,44143418,3,7,8,18,20,42,45,7,7,6,1,0
292,2008-07-05,43394631000,43394631,17,18,31,32,33,34,10,14,5,5,9,0
293,2008-07-12,42399708000,42399708,1,9,17,21,29,33,24,6,9,6,0,0
294,2008-07-19,41563813000,41563813,6,10,17,30,37,38,40,4,1,4,0,0
295,2008-07-26,42248135000,42248135,1,4,12,16,18,38,8,0,6,0,0,0
296,2008-08-02,63377899000,63377899,3,8,15,27,30,45,44,8,12,3,5,0
297,2008-08-09,43641475000,43641475,6,11,19,20,28,32,34,2,4,2,0,0
298,2008-08-16,43151675000,43151675,5,9,27,29,37,40,19,1,8,0,1,0
299,2008-08-23,44463909000,44463909,1,3,20,25,36,45,24,7,3,6,1,0
300,2008-08-30,44465047000,44465047,7,9,10,12,26,38,39,12,4,8,4,0
301,2008-09-06,44377177000,44377177,7,11,13,33,37,43,26,7,2,5,2,0
302,2008-09-13,46382605000,46382605,13,19,20,32,38,42,4,2,4,1,1,0
303,2008-09-20,42841760000,42841760,2,14,17,30,38,45,43,6,3,5,1,0
304,2008-09-27,43158653000,43158653,4,10,16,26,33,41,38,6,1,3,3,0
305,2008-10-04,43960659000,43960659,7,8,18,21,23,39,9,5,11,5,0,0
306,2008-10-11,44421462000,44421462,4,18,23,30,34,41,19,5,7,5,0,0
307,2008-10-18,43880990000,43880990,5,15,21,23,25,45,12,4,4,4,0,0
308,2008-10-25,43339416000,43339416,14,15,17,19,37,45,40,1,7,1,0,0
309,2008-11-01,44157528000,44157528,1,2,5,11,18,36,22,11,3,9,2,0
310,2008-11-08,43718082000,43718082,1,5,19,28,34,41,16,8,7,8,0,0
311,2008-11-15,43209215000,43209215,4,12,24,27,28,32,10,8,1,4,4,0
312,2008-11-22,42255391000,42255391,2,3,5,6,12,20,25,15,5,3,12,0
313,2008-11-29,43672096000,43672096,9,17,34,35,43,45,2,6,6,5,1,0
314,2008-12-06,42328094000,42328094,15,17,19,34,38,41,2,6,3,4,2,0
315,2008-12-13,44339180000,44339180,1,13,33,35,43,45,23,8,5,8,0,0
316,2008-12-20,44073768000,44073768,10,11,21,27,31,39,43,6,1,2,4,0
317,2008-12-27,44135114000,44135114,3,10,11,22,36,39,8,4,7,3,1,0
318,2009-01-03,46663728000,46663728,2,17,19,20,34,45,21,9,4,7,2,0
319,2009-01-10,45435183000,45435183,5,8,22,28,33,42,37,5,5,2,3,0
320,2009-01-17,46659886000,46659886,16,19,23,25,41,45,3,2,1,1,1,0
321,2009-01-24,50617982000,50617982,12,18,20,21,25,34,42,6,9,6,0,0
322,2009-01-31,48948294000,48948294,9,18,29,32,38,43,20,6,4,5,1,0
323,2009-02-07,49209477000,49209477,10,14,15,32,36,42,3,8,10,7,1,0
324,2009-02-14,47988317000,47988317,2,4,21,25,33,36,17,6,8,5,1,0
325,2009-02-21,46636979000,46636979,7,17,20,32,44,45,33,6,12,6,0,0
326,2009-02-28,47224551000,47224551,16,23,25,33,36,39,40,6,6,4,2,0
327,2009-03-07,45791560000,45791560,6,12,13,17,32,44,24,12,7,4,8,0
328,2009-03-14,47316988000,47316988,1,6,9,16,17,28,24,6,6,4,2,0
329,2009-03-21,47198504000,47198504,9,17,19,30,35,42,4,6,4,5,1,0
330,2009-03-28,45859496000,45859496,3,4,16,17,19,20,23,9,2,3,6,0
331,2009-04-04,46641467000,46641467,4,9,14,26,31,44,39,5,7,3,2,0
332,2009-04-11,46042557000,46042557,16,17,34,36,42,45,3,8,4,4,4,0
333,2009-04-18,46019070000,46019070,5,14,27,30,39,43,35,7,4,5,2,0
334,2009-04-25,44439656000,44439656,13,15,21,29,39,43,33,7,3,5,2,0
335,2009-05-02,43977478000,43977478,5,9,16,23,26,45,21,5,9,5,0,0
336,2009-05-09,43069333000,43069333,3,5,20,34,35,44,16,6,6,6,0,0
337,2009-05-16,43432467000,43432467,1,5,14,18,32,37,4,8,6,4,4,0
338,2009-05-23,43136020000,43136020,2,13,34,38,42,45,16,3,6,2,1,0
339,2009-05-30,42035640000,42035640,6,8,14,21,30,37,45,9,7,8,1,0
340,2009-06-06,42892121000,42892121,18,24,26,29,34,38,32,7,3,4,3,0
341,2009-06-13,44722448000,44722448,1,8,19,34,39,43,41,7,6,3,4,0
342,2009-06-20,43782188000,43782188,1,13,14,33,34,43,25,3,6,3,0,0
343,2009-06-27,43656460000,43656460,1,10,17,29,31,43,15,6,4,5,1,0
344,2009-07-04,43838886000,43838886,1,2,15,28,34,45,38,7,7,6,1,0
345,2009-07-11,43530937000,43530937,15,20,23,29,39,42,2,2,2,1,1,0
346,2009-07-18,42862389000,42862389,5,13,14,22,44,45,33,5,2,3,2,0
347,2009-07-25,44219740000,44219740,3,8,13,27,32,42,10,7,5,3,4,0
348,2009-08-01,42786310000,42786310,3,14,17,20,24,31,34,3,4,3,0,0
349,2009-08-08,43433870000,43433870,5,13,14,20,24,25,36,3,5,3,0,0
350,2009-08-15,42681094000,42681094,1,8,18,24,29,33,35,9,9,9,0,0
351,2009-08-22,43947492000,43947492,5,25,27,29,34,36,33,4,3,2,2,0
352,2009-08-29,44719545000,44719545,5,16,17,20,26,41,24,6,7,4,2,0
353,2009-09-05,44552925000,44552925,11,16,19,22,29,36,26,2,10,1,1,0
354,2009-09-12,44709689000,44709689,14,19,36,43,44,45,1,5,3,5,0,0
355,2009-09-19,45017050000,45017050,5,8,29,30,35,44,38,5,2,4,1,0
356,2009-09-26,44684958000,44684958,2,8,14,25,29,45,24,9,9,6,3,0
357,2009-10-03,45232409000,45232409,10,14,18,21,36,37,5,2,5,2,0,0
358,2009-10-10,45651829000,45651829,1,9,10,12,21,40,37,3,5,3,0,0
359,2009-10-17,45288256000,45288256,1,10,19,20,24,40,23,8,4,5,3,0
360,2009-10-24,45719032000,45719032,4,16,23,25,35,40,27,3,5,3,0,0
361,2009-10-31,45062676000,45062676,5,10,16,24,27,35,33,7,5,5,2,0
362,2009-11-07,44336363000,44336363,2,3,22,27,30,40,29,6,11,6,0,0
363,2009-11-14,44863948000,44863948,11,12,14,21,32,38,6,4,2,3,1,0
364,2009-11-21,44192004000,44192004,2,5,7,14,16,40,4,4,3,3,1,0
365,2009-11-28,45806066000,45806066,5,15,21,25,26,30,31,1,5,1,0,0
366,2009-12-05,45962166000,45962166,5,12,19,26,27,44,38,2,6,2,0,0
367,2009-12-12,46459307000,46459307,3,22,25,29,32,44,19,7,4,7,0,0
368,2009-12-19,43746046000,43746046,11,21,24,30,39,45,26,7,3,4,3,0
369,2009-12-26,46716275000,46716275,17,20,35,36,41,43,21,6,5,5,1,0
370,2010-01-02,49762652000,49762652,16,18,24,42,44,45,17,7,6,6,1,0
371,2010-01-09,45843166000,45843166,7,9,15,26,27,42,18,7,6,5,2,0
372,2010-01-16,46167066000,46167066,8,11,14,16,18,21,13,9,5,3,6,0
373,2010-01-23,47095065000,47095065,15,26,37,42,43,45,9,4,7,3,1,0
374,2010-01-30,48081319000,48081319,11,13,15,17,25,34,26,2,5,1,1,0
375,2010-02-06,47864938000,47864938,4,8,19,25,27,45,7,7,6,6,1,0
376,2010-02-13,50657096000,50657096,1,11,13,24,28,40,7,6,6,5,1,0
377,2010-02-20,49218434000,49218434,6,22,29,37,43,45,23,3,11,3,0,0
378,2010-02-27,48866964000,48866964,5,22,29,31,34,39,43,5,7,5,0,0
379,2010-03-06,47537685000,47537685,6,10,22,31,35,40,19,7,2,6,1,0
380,2010-03-13,47164371000,47164371,1,2,8,17,26,37,27,4,5,3,1,0
381,2010-03-20,47943113000,47943113,1,5,10,12,16,20,11,19,5,6,13,0
382,2010-03-27,47401288000,47401288,10,15,22,24,27,42,19,6,7,5,1,0
383,2010-04-03,46067051000,46067051,4,15,28,33,37,40,25,3,6,3,0,0
384,2010-04-10,46888942000,46888942,11,22,24,32,36,38,7,3,6,3,0,0
385,2010-04-17,46243483000,46243483,7,12,19,21,29,32,9,7,4,2,5,0
386,2010-04-24,45907331000,45907331,4,7,10,19,31,40,26,10,6,5,5,0
387,2010-05-01,45459960000,45459960,1,26,31,34,40,43,20,4,4,2,2,0
388,2010-05-08,44308705000,44308705,1,8,9,17,29,32,45,4,4,3,1,0
389,2010-05-15,45534027000,45534027,7,16,18,20,23,26,3,5,7,5,0,0
390,2010-05-22,44189673000,44189673,16,17,28,37,39,40,15,1,4,1,0,0
391,2010-05-29,45161516000,45161516,10,11,18,22,28,39,30,1,5,0,1,0
392,2010-06-05,45528684000,45528684,1,3,7,8,24,42,43,6,7,4,2,0
393,2010-06-12,45989116000,45989116,9,16,28,40,41,43,21,8,7,6,2,0
394,2010-06-19,45192337000,45192337,1,13,20,22,25,28,15,1,6,1,0,0
395,2010-06-26,46192580000,46192580,11,15,20,26,31,35,7,7,5,4,3,0
396,2010-07-03,45463736000,45463736,18,20,31,34,40,45,30,2,5,1,1,0
397,2010-07-10,45890007000,45890007,12,13,17,22,25,33,8,3,6,1,2,0
398,2010-07-17,45427304000,45427304,10,15,20,23,42,44,7,4,4,2,2,0
399,2010-07-24,45551786000,45551786,1,2,9,17,19,42,20,8,8,6,2,0
400,2010-07-31,45379731000,45379731,9,21,27,34,41,43,2,4,5,2,2,0
401,2010-08-07,43491965000,43491965,6,12,18,31,38,43,9,9,5,5,4,0
402,2010-08-14,45002946000,45002946,5,9,15,19,22,36,32,4,6,3,1,0
403,2010-08-21,44911335000,44911335,10,14,22,24,28,37,26,5,6,4,1,0
404,2010-08-28,45389825000,45389825,5,20,21,24,33,40,36,3,4,3,0,0
405,2010-09-04,45220904000,45220904,1,2,10,25,26,44,4,3,5,3,0,0
406,2010-09-11,46062206000,46062206,7,12,21,24,27,36,45,5,6,2,3,0
407,2010-09-18,48429586000,48429586,6,7,13,16,24,25,1,7,4,4,3,0
408,2010-09-25,46406711000,46406711,9,20,21,22,30,37,16,5,4,3,2,0
409,2010-10-02,47924584000,47924584,6,9,21,31,32,40,38,4,10,2,2,0
410,2010-10-09,47467817000,47467817,1,3,18,32,40,41,16,9,7,5,4,0
411,2010-10-16,47259122000,47259122,11,14,22,35,37,39,5,12,5,7,5,0
412,2010-10-23,47066180000,47066180,4,7,39,41,42,45,40,7,10,7,0,0
413,2010-10-30,46925724000,46925724,2,9,15,23,34,40,3,4,8,4,0,0
414,2010-11-06,46910990000,46910990,2,14,15,22,23,44,43,1,7,1,0,0
415,2010-11-13,46746048000,46746048,7,17,20,26,30,40,24,8,3,5,3,0
416,2010-11-20,46854806000,46854806,5,6,8,11,22,26,44,10,5,7,3,0
417,2010-11-27,45968256000,45968256,4,5,14,20,22,43,44,4,10,4,0,0
418,2010-12-04,47058055000,47058055,11,13,15,26,28,34,31,8,1,4,4,0
419,2010-12-11,46508296000,46508296,2,11,13,14,28,30,7,3,4,3,0,0
420,2010-12-18,47345476000,47345476,4,9,10,29,31,34,27,8,9,7,1,0
421,2010-12-25,47752021000,47752021,6,11,26,27,28,44,30,5,13,4,1,0
422,2011-01-01,52730602000,52730602,8,15,19,21,34,44,12,6,7,5,1,0
423,2011-01-08,49668311000,49668311,1,17,27,28,29,40,5,3,2,2,1,0
424,2011-01-15,48728445000,48728445,10,11,26,31,34,44,30,10,8,8,2,0
425,2011-01-22,50459694000,50459694,8,10,14,27,33,38,3,8,6,5,3,0
426,2011-01-29,51466592000,51466592,4,17,18,27,39,43,19,4,7,4,0,0
427,2011-02-05,52511055000,52511055,6,7,15,24,28,30,21,1,5,1,0,0
428,2011-02-12,54685007000,54685007,12,16,19,22,37,40,8,9,8,8,1,0
429,2011-02-19,53993833000,53993833,3,23,28,34,39,42,16,9,14,9,0,0
430,2011-02-26,53194872000,53194872,1,3,16,18,30,34,44,8,9,8,0,0
431,2011-03-05,51661947000,51661947,18,22,25,31,38,45,6,10,10,7,3,0
432,2011-03-12,52348574000,52348574,2,3,5,11,27,39,33,5,8,5,0,0
433,2011-03-19,52396606000,52396606,19,23,29,33,35,43,27,11,3,9,2,0
434,2011-03-26,51579439000,51579439,3,13,20,24,33,37,35,8,10,6,2,0
435,2011-04-02,52341267000,52341267,8,16,26,30,38,45,42,10,12,6,4,0
436,2011-04-09,50869017000,50869017,9,14,20,22,33,34,28,8,6,5,3,0
437,2011-04-16,50798417000,50798417,11,16,29,38,41,44,21,6,7,4,2,0
438,2011-04-23,50370042000,50370042,6,12,20,26,29,38,45,9,3,8,1,0
439,2011-04-30,49680708000,49680708,17,20,30,31,37,40,25,6,7,5,1,0
440,2011-05-07,49810778000,49810778,10,22,28,34,36,44,2,6,4,4,2,0
441,2011-05-14,50272122000,50272122,1,23,28,30,34,35,9,4,6,4,0,0
442,2011-05-21,51219943000,51219943,25,27,29,36,38,40,41,9,13,5,4,0
443,2011-05-28,51236072000,51236072,4,6,10,19,20,44,14,9,9,6,3,0
444,2011-06-04,50673529000,50673529,11,13,23,35,43,45,17,3,6,2,1,0
445,2011-06-11,50053080000,50053080,13,20,21,30,39,45,32,7,6,4,3,0
446,2011-06-18,50595241000,50595241,1,11,12,14,26,35,6,3,3,2,1,0
447,2011-06-25,49555042000,49555042,2,7,8,9,17,33,34,4,9,2,2,0
448,2011-07-02,51341262000,51341262,3,7,13,27,40,41,36,3,6,3,0,0
449,2011-07-09,50214272000,50214272,3,10,20,26,35,43,36,3,2,2,1,0
450,2011-07-16,49732036000,49732036,6,14,19,21,23,31,13,6,5,6,0,0
451,2011-07-23,49861167000,49861167,12,15,20,24,30,38,29,13,5,6,7,0
452,2011-07-30,48456758000,48456758,8,10,18,30,32,34,27,9,4,4,5,0
453,2011-08-06,48055125000,48055125,12,24,33,38,40,42,30,5,4,3,2,0
454,2011-08-13,48389211000,48389211,13,25,27,34,38,41,10,7,6,6,1,0
455,2011-08-20,48769851000,48769851,4,19,20,26,30,35,24,7,6,6,1,0
456,2011-08-27,49420681000,49420681,1,7,12,18,23,27,44,7,6,5,2,0
457,2011-09-03,49679052000,49679052,8,10,18,23,27,40,33,10,13,6,4,0
458,2011-09-10,53778256000,53778256,4,9,10,32,36,40,18,8,8,5,3,0
459,2011-09-17,49890095000,49890095,4,6,10,14,25,40,12,7,7,4,3,0
460,2011-09-24,51917635000,51917635,8,11,28,30,43,45,41,4,7,4,0,0
461,2011-10-01,50624588000,50624588,11,18,26,31,37,40,43,6,12,4,2,0
462,2011-10-08,49325555000,49325555,3,20,24,32,37,45,4,8,6,5,3,0
463,2011-10-15,49205151000,49205151,23,29,31,33,34,44,40,0,5,0,0,0
464,2011-10-22,1.27E+11,126772274,6,12,15,34,42,44,4,13,10,10,3,0
465,2011-10-29,57793294000,57793294,1,8,11,13,22,38,31,7,9,4,3,0
466,2011-11-05,58314753000,58314753,4,10,13,23,32,44,20,9,8,6,3,0
467,2011-11-12,57383906000,57383906,2,12,14,17,24,40,39,9,5,7,2,0
468,2011-11-19,55598552000,55598552,8,13,15,28,37,43,17,9,4,8,1,0
469,2011-11-26,53364940000,53364940,4,21,22,34,37,38,33,4,4,2,2,0
470,2011-12-03,53912965000,53912965,10,16,20,39,41,42,27,3,3,3,0,0
471,2011-12-10,53492340000,53492340,6,13,29,37,39,41,43,7,5,5,2,0
472,2011-12-17,51929207000,51929207,16,25,26,31,36,43,44,7,11,6,1,0
473,2011-12-24,52867236000,52867236,8,13,20,22,23,36,34,4,6,3,1,0
474,2011-12-31,58978482000,58978482,4,13,18,31,33,45,43,15,11,6,9,0
475,2012-01-07,56043275000,56043275,1,9,14,16,21,29,3,8,10,3,5,0
476,2012-01-14,55591819000,55591819,9,12,13,15,37,38,27,4,13,4,0,0
477,2012-01-21,60801409000,60801409,14,25,29,32,33,45,37,8,8,7,1,0
478,2012-01-28,54975901000,54975901,18,29,30,37,39,43,8,14,8,12,2,0
479,2012-02-04,54848834000,54848834,8,23,25,27,35,44,24,6,4,6,0,0
480,2012-02-11,55415681000,55415681,3,5,10,17,30,31,16,4,8,3,1,0
481,2012-02-18,55642616000,55642616,3,4,23,29,40,41,20,3,9,3,0,0
482,2012-02-25,56201452000,56201452,1,10,16,24,25,35,43,7,5,4,3,0
483,2012-03-03,55582659000,55582659,12,15,19,22,28,34,5,5,4,2,3,0
484,2012-03-10,55885979000,55885979,1,3,27,28,32,45,11,6,5,4,2,0
485,2012-03-17,55692878000,55692878,17,22,26,27,36,39,20,9,3,7,2,0
486,2012-03-24,54540823000,54540823,1,2,23,25,38,40,43,13,6,9,4,0
487,2012-03-31,55276503000,55276503,4,8,25,27,37,41,21,8,5,5,3,0
488,2012-04-07,54213092000,54213092,2,8,17,30,31,38,25,10,6,8,2,0
489,2012-04-14,53558490000,53558490,2,4,8,15,20,27,11,6,4,4,2,0
490,2012-04-21,52590121000,52590121,2,7,26,29,40,43,42,7,7,5,2,0
491,2012-04-28,53413874000,53413874,8,17,35,36,39,42,4,4,5,3,1,0
492,2012-05-05,51693454000,51693454,22,27,31,35,37,40,42,5,1,3,2,0
493,2012-05-12,53231838000,53231838,20,22,26,33,36,37,25,9,5,7,2,0
494,2012-05-19,53321589000,53321589,5,7,8,15,30,43,22,12,5,7,5,0
495,2012-05-26,53645960000,53645960,4,13,22,27,34,44,6,6,5,4,2,0
496,2012-06-02,52915804000,52915804,4,13,20,29,36,41,39,4,10,3,1,0
497,2012-06-09,52411585000,52411585,19,20,23,24,43,44,13,6,4,6,0,0
498,2012-06-16,52851253000,52851253,13,14,24,32,39,41,3,4,5,4,0,0
499,2012-06-23,52767632000,52767632,5,20,23,27,35,40,43,3,3,2,1,0
500,2012-06-30,54012267000,54012267,3,4,12,20,24,34,41,9,8,7,2,0
501,2012-07-07,52717711000,52717711,1,4,10,17,31,42,2,4,6,3,1,0
502,2012-07-14,54000640000,54000640,6,22,28,32,34,40,26,6,9,3,3,0
503,2012-07-21,53572205000,53572205,1,5,27,30,34,36,40,7,5,5,2,0
504,2012-07-28,51787037000,51787037,6,14,22,26,43,44,31,9,5,8,1,0
505,2012-08-04,49103223000,49103223,7,20,22,25,38,40,44,6,5,3,3,0
506,2012-08-11,52363311000,52363311,6,9,11,22,24,30,31,3,5,2,1,0
507,2012-08-18,53638773000,53638773,12,13,32,33,40,41,4,9,7,7,2,0
508,2012-08-25,54010391000,54010391,5,27,31,34,35,43,37,8,10,6,2,0
509,2012-09-01,53390358000,53390358,12,25,29,35,42,43,24,5,10,4,1,0
510,2012-09-08,53964992000,53964992,12,29,32,33,39,40,42,5,2,5,0,0
511,2012-09-15,53970308000,53970308,3,7,14,23,26,42,24,6,3,4,2,0
512,2012-09-22,54017801000,54017801,4,5,9,13,26,27,1,13,5,9,4,0
513,2012-09-29,58317548000,58317548,5,8,21,23,27,33,12,3,5,2,1,0
514,2012-10-06,54452404000,54452404,1,15,20,26,35,42,9,3,5,3,0,0
515,2012-10-13,55258935000,55258935,2,11,12,15,23,37,8,1,4,0,1,0
516,2012-10-20,56385762000,56385762,2,8,23,41,43,44,30,11,8,11,0,0
517,2012-10-27,54468223000,54468223,1,9,12,28,36,41,10,5,11,3,2,0
518,2012-11-03,55321566000,55321566,14,23,30,32,34,38,6,6,5,6,0,0
519,2012-11-10,55614206000,55614206,6,8,13,16,30,43,3,7,5,7,0,0
520,2012-11-17,55003797000,55003797,4,22,27,28,38,40,1,6,6,5,1,0
521,2012-11-24,56185373000,56185373,3,7,18,29,32,36,19,8,4,5,3,0
522,2012-12-01,57053378000,57053378,4,5,13,14,37,41,11,6,4,6,0,0
523,2012-12-08,53678449000,53678449,1,4,37,38,40,45,7,7,7,4,3,0
524,2012-12-15,55662103000,55662103,10,11,29,38,41,45,21,4,5,3,1,0
525,2012-12-22,55566007000,55566007,11,23,26,29,39,44,22,9,8,6,3,0
526,2012-12-29,56527807000,56527807,7,14,17,20,35,39,31,9,7,6,3,0
527,2013-01-05,56985634000,56985634,1,12,22,32,33,42,38,13,5,9,4,0
528,2013-01-12,57548541000,57548541,5,17,25,31,39,40,10,11,3,7,4,0
529,2013-01-19,57645779000,57645779,18,20,24,27,31,42,39,8,6,5,3,0
530,2013-01-26,56241083000,56241083,16,23,27,29,33,41,22,11,6,9,2,0
531,2013-02-02,57567064000,57567064,1,5,9,21,27,35,45,9,6,7,2,0
532,2013-02-09,61687384000,61687384,16,17,23,24,29,44,3,7,8,7,0,0
533,2013-02-16,59275357000,59275357,9,14,15,17,31,33,23,8,11,4,4,0
534,2013-02-23,59227462000,59227462,10,24,26,29,37,38,32,1,9,1,0,0
535,2013-03-02,60523884000,60523884,11,12,14,15,18,39,34,3,5,3,0,0
536,2013-03-09,59763469000,59763469,7,8,18,32,37,43,12,11,5,7,4,0
537,2013-03-16,59453323000,59453323,12,23,26,30,36,43,11,7,8,4,3,0
538,2013-03-23,59233373000,59233373,6,10,18,31,32,34,11,3,5,1,2,0
539,2013-03-30,59168870000,59168870,3,19,22,31,42,43,26,9,7,5,4,0
540,2013-04-06,56739658000,56739658,3,12,13,15,34,36,14,7,6,6,1,0
541,2013-04-13,57087047000,57087047,8,13,26,28,32,34,43,11,9,9,2,0
542,2013-04-20,56949161000,56949161,5,6,19,26,41,45,34,6,8,6,0,0
543,2013-04-27,56570245000,56570245,13,18,26,31,34,44,12,12,4,3,9,0
544,2013-05-04,56056189000,56056189,5,17,21,25,36,44,10,13,10,8,5,0
545,2013-05-11,55967171000,55967171,4,24,25,27,34,35,2,11,4,9,2,0
546,2013-05-18,56713166000,56713166,8,17,20,27,37,43,6,30,11,3,27,0
547,2013-05-25,57968466000,57968466,6,7,15,22,34,39,28,5,5,4,1,0
548,2013-06-01,57771827000,57771827,1,12,13,21,32,45,14,8,4,6,2,0
549,2013-06-08,56864611000,56864611,29,31,35,38,40,44,17,8,6,5,3,0
550,2013-06-15,56441770000,56441770,1,7,14,20,34,37,41,11,7,8,3,0
551,2013-06-22,56989370000,56989370,3,6,20,24,27,44,25,1,6,1,0,0
552,2013-06-29,57602386000,57602386,1,10,20,32,35,40,43,10,9,6,4,0
553,2013-07-06,56487483000,56487483,2,7,17,28,29,39,37,6,1,6,0,0
554,2013-07-13,56124466000,56124466,13,14,17,32,41,42,6,2,5,1,1,0
555,2013-07-20,57273817000,57273817,11,17,21,24,26,36,12,8,11,7,1,0
556,2013-07-27,57374791000,57374791,12,20,23,28,30,44,43,7,8,6,1,0
557,2013-08-03,55086560000,55086560,4,20,26,28,35,40,31,7,11,2,5,0
558,2013-08-10,54939001000,54939001,12,15,19,26,40,43,29,10,13,8,2,0
559,2013-08-17,55733418000,55733418,11,12,25,32,44,45,23,7,7,5,2,0
560,2013-08-24,56565298000,56565298,1,4,20,23,29,45,28,7,11,5,2,0
561,2013-08-31,56638383000,56638383,5,7,18,37,42,45,20,5,7,2,3,0
562,2013-09-07,56288212000,56288212,4,11,13,17,20,31,33,11,12,9,2,0
563,2013-09-14,57320132000,57320132,5,10,16,17,31,32,21,7,8,6,1,0
564,2013-09-21,58012468000,58012468,14,19,25,26,27,34,2,7,10,6,1,0
565,2013-09-28,59556622000,59556622,4,10,18,27,40,45,38,8,7,6,2,0
566,2013-10-05,57666611000,57666611,4,5,6,25,26,43,41,4,6,3,1,0
567,2013-10-12,57439471000,57439471,1,10,15,16,32,41,28,6,7,3,3,0
568,2013-10-19,57681628000,57681628,1,3,17,20,31,44,40,10,10,4,6,0
569,2013-10-26,58441902000,58441902,3,6,13,23,24,35,1,4,8,3,1,0
570,2013-11-02,57654279000,57654279,1,12,26,27,29,33,42,9,3,6,3,0
571,2013-11-09,56493528000,56493528,11,18,21,26,38,43,29,7,5,7,0,0
572,2013-11-16,56473602000,56473602,3,13,18,33,37,45,1,8,8,5,3,0
573,2013-11-23,56092721000,56092721,2,4,20,34,35,43,14,8,7,7,1,0
574,2013-11-30,55882933000,55882933,14,15,16,19,25,43,2,2,10,2,0,0
575,2013-12-07,56330738000,56330738,2,8,20,30,33,34,6,8,3,2,6,0
576,2013-12-14,54691148000,54691148,10,11,15,25,35,41,13,3,8,1,2,0
577,2013-12-21,57010827000,57010827,16,17,22,31,34,37,33,3,11,3,0,0
578,2013-12-28,58584741000,58584741,5,12,14,32,34,42,16,5,7,2,3,0
579,2014-01-04,63532871000,63532871,5,7,20,22,37,42,39,11,3,6,5,0
580,2014-01-11,60514216000,60514216,5,7,9,11,32,35,33,7,5,3,4,0
581,2014-01-18,60257457000,60257457,3,5,14,20,42,44,33,8,8,2,6,0
582,2014-01-25,59306953000,59306953,2,12,14,33,40,41,25,4,5,1,3,0
583,2014-02-01,62675295000,62675295,8,17,27,33,40,44,24,11,4,3,8,0
584,2014-02-08,61343856000,61343856,7,18,30,39,40,41,36,3,5,2,1,0
585,2014-02-15,60253002000,60253002,6,7,10,16,38,41,4,9,8,6,3,0
586,2014-02-22,59502096000,59502096,2,7,12,15,21,34,5,8,7,4,4,0
587,2014-03-01,59715499000,59715499,14,21,29,31,32,37,17,3,8,1,2,0
588,2014-03-08,59533101000,59533101,2,8,15,22,25,41,30,5,2,1,4,0
589,2014-03-15,60643729000,60643729,6,8,28,33,38,39,22,7,10,5,2,0
590,2014-03-22,60003131000,60003131,20,30,36,38,41,45,23,7,7,4,3,0
591,2014-03-29,59373946000,59373946,8,13,14,30,38,39,5,5,7,3,2,0
592,2014-04-05,58097477000,58097477,2,5,6,13,28,44,43,6,8,5,1,0
593,2014-04-12,59368204000,59368204,9,10,13,24,33,38,28,9,6,4,5,0
594,2014-04-19,57764442000,57764442,2,8,13,25,28,37,3,11,13,9,2,0
595,2014-04-26,57797288000,57797288,8,24,28,35,38,40,5,8,8,4,4,0
596,2014-05-03,56561071000,56561071,3,4,12,14,25,43,17,10,9,7,3,0
597,2014-05-10,56832361000,56832361,8,10,23,24,35,43,37,13,14,12,1,0
598,2014-05-17,57518550000,57518550,4,12,24,33,38,45,22,16,7,5,11,0
599,2014-05-24,57381791000,57381791,5,12,17,29,34,35,27,8,7,4,4,0
600,2014-05-31,56372519000,56372519,5,11,14,27,29,36,44,15,6,4,11,0
601,2014-06-07,55868455000,55868455,2,16,19,31,34,35,37,9,10,6,3,0
602,2014-06-14,56262855000,56262855,13,14,22,27,30,38,2,8,4,6,2,0
603,2014-06-21,56276650000,56276650,2,19,25,26,27,43,28,4,4,3,1,0
604,2014-06-28,56266399000,56266399,2,6,18,21,33,34,30,11,10,10,1,0
605,2014-07-05,56622924000,56622924,1,2,7,9,10,38,42,9,8,6,3,0
606,2014-07-12,56928896000,56928896,1,5,6,14,20,39,22,10,11,8,2,0
607,2014-07-19,56806213000,56806213,8,14,23,36,38,39,13,4,8,3,1,0
608,2014-07-26,56146117000,56146117,4,8,18,19,39,44,41,7,3,5,2,0
609,2014-08-02,54858201000,54858201,4,8,27,34,39,40,13,2,5,2,0,0
610,2014-08-09,56862756000,56862756,14,18,20,23,28,36,33,4,15,4,0,0
611,2014-08-16,57411079000,57411079,2,22,27,33,36,37,14,4,3,4,0,0
612,2014-08-23,56931314000,56931314,6,9,18,19,25,33,40,11,12,7,4,0
613,2014-08-30,57986249000,57986249,7,8,11,16,41,44,35,9,5,8,1,0
614,2014-09-06,62301977000,62301977,8,21,25,39,40,44,18,6,8,5,1,0
615,2014-09-13,59072378000,59072378,10,17,18,19,23,27,35,9,4,8,1,0
616,2014-09-20,60303360000,60303360,5,13,18,23,40,45,3,9,7,4,5,0
617,2014-09-27,58958123000,58958123,4,5,11,12,24,27,28,8,6,4,4,0
618,2014-10-04,58550803000,58550803,8,16,25,30,42,43,15,5,11,5,0,0
619,2014-10-11,58822925000,58822925,6,8,13,30,35,40,21,3,5,3,0,0
620,2014-10-18,58342777000,58342777,2,16,17,32,39,45,40,7,7,5,2,0
621,2014-10-25,59407216000,59407216,1,2,6,16,19,42,9,6,8,4,2,0
622,2014-11-01,59601329000,59601329,9,15,16,21,28,34,24,9,6,8,1,0
623,2014-11-08,58504142000,58504142,7,13,30,39,41,45,25,8,9,6,2,0
624,2014-11-15,57832726000,57832726,1,7,19,26,27,35,16,5,7,5,0,0
625,2014-11-22,58614979000,58614979,3,6,7,20,21,39,13,5,6,4,1,0
626,2014-11-29,58986187000,58986187,13,14,26,33,40,43,15,8,5,5,3,0
627,2014-12-06,55981334000,55981334,2,9,22,25,31,45,12,10,6,4,6,0
628,2014-12-13,57253109000,57253109,1,7,12,15,23,42,11,9,11,5,4,0
629,2014-12-20,57618701000,57618701,19,28,31,38,43,44,1,5,12,5,0,0
630,2014-12-27,61335894000,61335894,8,17,21,24,27,31,15,3,5,1,2,0
631,2015-01-03,65300621000,65300621,1,2,4,23,31,34,8,4,4,4,0,0
632,2015-01-10,63066603000,63066603,15,18,21,32,35,44,6,11,10,9,2,0
633,2015-01-17,62015797000,62015797,9,12,19,20,39,41,13,12,4,8,4,0
634,2015-01-24,63149567000,63149567,4,10,11,12,20,27,38,13,8,10,3,0
635,2015-01-31,62429621000,62429621,11,13,25,26,29,33,32,8,8,7,1,0
636,2015-02-07,62786394000,62786394,6,7,15,16,20,31,26,8,6,5,3,0
637,2015-02-14,63504865000,63504865,3,16,22,37,38,44,23,4,10,2,2,0
638,2015-02-21,64319586000,64319586,7,18,22,24,31,34,6,7,6,5,2,0
639,2015-02-28,66202599000,66202599,6,15,22,23,25,32,40,4,8,1,3,0
640,2015-03-07,64080502000,64080502,14,15,18,21,26,35,23,9,12,7,1,1
641,2015-03-14,63773134000,63773134,11,18,21,36,37,43,12,8,4,5,3,0
642,2015-03-21,63544224000,63544224,8,17,18,24,39,45,32,12,7,7,4,1
643,2015-03-28,63110068000,63110068,15,24,31,32,33,40,13,6,7,3,3,0
644,2015-04-04,61846599000,61846599,5,13,17,23,28,36,8,8,4,5,3,0
645,2015-04-11,62661756000,62661756,1,4,16,26,40,41,31,4,2,3,1,0
646,2015-04-18,62308090000,62308090,2,9,24,41,43,45,30,7,14,6,1,0
647,2015-04-25,62314338000,62314338,5,16,21,23,24,30,29,7,6,5,1,1
648,2015-05-02,60874405000,60874405,13,19,28,37,38,43,4,7,6,4,2,1
649,2015-05-09,60473178000,60473178,3,21,22,33,41,42,20,5,12,5,0,0
650,2015-05-16,60991082000,60991082,3,4,7,11,31,41,35,5,4,3,2,0
651,2015-05-23,61494891000,61494891,11,12,16,26,29,44,18,8,4,7,1,0
652,2015-05-30,60426977000,60426977,3,13,15,40,41,44,20,5,13,1,4,0
653,2015-06-06,59716037000,59716037,5,6,26,27,38,39,1,14,6,5,9,0
654,2015-06-13,60697813000,60697813,16,21,26,31,36,43,6,8,6,6,2,0
655,2015-06-20,60434801000,60434801,7,37,38,39,40,44,18,9,10,7,2,0
656,2015-06-27,61328118000,61328118,3,7,14,16,31,40,39,2,18,2,0,0
657,2015-07-04,61769837000,61769837,10,14,19,39,40,43,23,9,4,5,4,0
658,2015-07-11,61131243000,61131243,8,19,25,28,32,36,37,9,7,7,2,0
659,2015-07-18,61677747000,61677747,7,18,19,27,29,42,45,11,6,7,4,0
660,2015-07-25,60813322000,60813322,4,9,23,33,39,44,14,10,9,6,2,2
661,2015-08-01,59597375000,59597375,2,3,12,20,27,38,40,8,8,5,3,0
662,2015-08-08,59164542000,59164542,5,6,9,11,15,37,26,8,10,6,2,0
663,2015-08-15,61100704000,61100704,3,5,8,19,38,42,20,7,2,3,2,2
664,2015-08-22,61921689000,61921689,10,20,33,36,41,44,5,10,4,7,3,0
665,2015-08-29,61885874000,61885874,5,6,11,17,38,44,13,4,14,2,2,0
666,2015-09-05,62652917000,62652917,2,4,6,11,17,28,16,6,9,1,5,0
667,2015-09-12,63421632000,63421632,15,17,25,37,42,43,13,7,14,7,0,0
668,2015-09-19,63346405000,63346405,12,14,15,24,27,32,3,5,5,2,3,0
669,2015-09-26,67952211000,67952211,7,8,20,29,33,38,9,6,4,4,2,0
670,2015-10-03,62242687000,62242687,11,18,26,27,40,41,25,12,7,7,5,0
671,2015-10-10,63940807000,63940807,7,9,10,13,31,35,24,4,8,2,1,1
672,2015-10-17,63542330000,63542330,8,21,28,31,36,45,43,9,8,6,3,0
673,2015-10-24,63163578000,63163578,7,10,17,29,33,44,5,10,8,5,4,1
674,2015-10-31,61386974000,61386974,9,10,14,25,27,31,11,8,9,3,5,0
675,2015-11-07,60458623000,60458623,1,8,11,15,18,45,7,4,7,1,1,2
676,2015-11-14,62147642000,62147642,1,8,17,34,39,45,27,8,8,5,2,1
677,2015-11-21,62267624000,62267624,12,15,24,36,41,44,42,8,5,2,6,0
678,2015-11-28,60887293000,60887293,4,5,6,12,25,37,45,6,11,5,1,0
679,2015-12-05,62220918000,62220918,3,5,7,14,26,34,35,5,14,2,2,1
680,2015-12-12,64245201000,64245201,4,10,19,29,32,42,30,14,5,5,9,0
681,2015-12-19,63268253000,63268253,21,24,27,29,43,44,7,6,11,6,0,0
682,2015-12-26,66757858000,66757858,17,23,27,35,38,43,2,4,6,4,0,0
683,2016-01-02,71940091000,71940091,6,13,20,27,28,40,15,16,7,6,8,2
684,2016-01-09,66623887000,66623887,1,11,15,17,25,39,40,9,13,9,0,0
685,2016-01-16,69126675000,69126675,6,7,12,28,38,40,18,11,7,8,3,0
686,2016-01-23,65274010000,65274010,7,12,15,24,25,43,13,8,2,5,3,0
687,2016-01-30,68044669000,68044669,1,8,10,13,28,42,45,6,8,6,0,0
688,2016-02-06,73095612000,73095612,5,15,22,23,34,35,2,9,9,5,4,0
689,2016-02-13,67460147000,67460147,7,17,19,30,36,38,34,7,9,5,2,0
690,2016-02-20,69142025000,69142025,24,25,33,34,38,39,43,15,9,3,12,0
691,2016-02-27,68590328000,68590328,15,27,33,35,43,45,16,6,2,6,0,0
692,2016-03-05,66390499000,66390499,3,11,14,15,32,36,44,7,7,4,3,0
693,2016-03-12,67352935000,67352935,1,6,11,28,34,42,30,10,8,8,1,1
694,2016-03-19,67533257000,67533257,7,15,20,25,33,43,12,10,7,3,6,1
695,2016-03-26,67672085000,67672085,4,18,26,33,34,38,14,11,12,6,3,2
696,2016-04-02,67542971000,67542971,1,7,16,18,34,38,21,10,6,6,4,0
697,2016-04-09,66966141000,66966141,2,5,8,11,33,39,31,10,14,7,2,1
698,2016-04-16,66283268000,66283268,3,11,13,21,33,37,18,8,7,5,2,1
699,2016-04-23,66743146000,66743146,4,5,8,16,21,29,3,8,6,6,1,1
700,2016-04-30,66846276000,66846276,11,23,28,29,30,44,13,8,11,6,1,1
701,2016-05-07,64454138000,64454138,3,10,14,16,36,38,35,10,8,8,1,1
702,2016-05-14,66219854000,66219854,3,13,16,24,26,29,9,11,5,4,7,0
703,2016-05-21,65728988000,65728988,10,28,31,33,41,44,21,5,8,5,0,0
704,2016-05-28,65930117000,65930117,1,4,8,23,33,42,45,4,8,1,3,0
705,2016-06-04,65859843000,65859843,1,6,17,22,28,45,23,4,5,3,1,0
706,2016-06-11,65723488000,65723488,3,4,6,10,28,30,37,4,7,3,1,0
707,2016-06-18,66813924000,66813924,2,12,19,24,39,44,35,12,6,6,6,0
708,2016-06-25,66806307000,66806307,2,10,16,19,34,45,1,4,10,3,1,0
709,2016-07-02,65592504000,65592504,10,18,30,36,39,44,32,14,9,12,2,0
710,2016-07-09,65083972000,65083972,3,4,9,24,25,33,10,5,7,1,4,0
711,2016-07-16,66152746000,66152746,11,15,24,35,37,45,42,7,9,3,4,0
712,2016-07-23,66136318000,66136318,17,20,30,31,33,45,19,4,10,3,1,0
713,2016-07-30,64646552000,64646552,2,5,15,18,19,23,44,9,9,6,2,1
714,2016-08-06,64099989000,64099989,1,7,22,33,37,40,20,7,5,3,4,0
715,2016-08-13,65794607000,65794607,2,7,27,33,41,44,10,6,11,4,1,1
716,2016-08-20,67040169000,67040169,2,6,13,16,29,30,21,12,7,12,0,0
717,2016-08-27,68597839000,68597839,2,11,19,25,28,32,44,6,8,2,4,0
718,2016-09-03,69400763000,69400763,4,11,20,23,32,39,40,17,8,7,10,0
719,2016-09-10,71378392000,71378392,4,8,13,19,20,43,26,9,11,9,0,0
720,2016-09-17,69939090000,69939090,1,12,29,34,36,37,41,14,13,9,5,0
721,2016-09-24,71627567000,71627567,1,28,35,41,43,44,31,8,13,7,1,0
722,2016-10-01,69446489000,69446489,12,14,21,30,39,43,45,4,13,4,0,0
723,2016-10-08,67750231000,67750231,20,30,33,35,36,44,22,8,14,3,4,1
724,2016-10-15,69987274000,69987274,2,8,33,35,37,41,14,12,12,8,4,0
725,2016-10-22,70208676000,70208676,6,7,19,21,41,43,38,11,9,7,4,0
726,2016-10-29,68799295000,68799295,1,11,21,23,34,44,24,14,13,7,5,2
727,2016-11-05,67559139000,67559139,7,8,10,19,21,31,20,14,7,10,4,0
728,2016-11-12,68306112000,68306112,3,6,10,30,34,37,36,5,6,5,0,0
729,2016-11-19,68784161000,68784161,11,17,21,26,36,45,16,4,7,3,1,0
730,2016-11-26,66934105000,66934105,4,10,14,15,18,22,39,8,5,6,2,0
731,2016-12-03,69239673000,69239673,2,7,13,25,42,45,39,7,7,2,5,0
732,2016-12-10,68645948000,68645948,2,4,5,17,27,32,43,7,9,4,3,0
733,2016-12-17,69321488000,69321488,11,24,32,33,35,40,13,4,3,2,1,1
734,2016-12-24,71457582000,71457582,6,16,37,38,41,45,18,9,7,8,1,0
735,2016-12-31,77488209000,77488209,5,10,13,27,37,41,4,10,7,7,3,0
736,2017-01-07,73510203000,73510203,2,11,17,18,21,27,6,5,9,4,1,0
737,2017-01-14,70775944000,70775944,13,15,18,24,27,41,11,4,13,3,1,0
738,2017-01-21,71768122000,71768122,23,27,28,38,42,43,36,11,11,9,1,1
739,2017-01-28,77999661000,77999661,7,22,29,33,34,35,30,4,7,4,0,0
740,2017-02-04,75186520000,75186520,4,8,9,16,17,19,31,18,14,12,5,1
741,2017-02-11,74392585000,74392585,5,21,27,34,44,45,16,6,8,5,1,0
742,2017-02-18,73857792000,73857792,8,10,13,36,37,40,6,16,3,11,4,1
743,2017-02-25,73436852000,73436852,15,19,21,34,41,44,10,7,12,5,2,0
744,2017-03-04,73507293000,73507293,10,15,18,21,34,41,43,15,7,8,7,0
745,2017-03-11,73575119000,73575119,1,2,3,9,12,23,10,20,14,7,11,2
746,2017-03-18,74239579000,74239579,3,12,33,36,42,45,25,9,13,8,0,1
747,2017-03-25,73337880000,73337880,7,9,12,14,23,28,17,9,15,3,6,0
748,2017-04-01,72750277000,72750277,3,10,13,22,31,32,29,9,6,7,2,0
749,2017-04-08,72252889000,72252889,12,14,24,26,34,45,41,13,11,8,4,1
750,2017-04-15,72248100000,72248100,1,2,15,19,24,36,12,7,8,5,1,1
751,2017-04-22,71534233000,71534233,3,4,16,20,28,44,17,8,13,4,2,2
752,2017-04-29,71600822000,71600822,4,16,20,33,40,43,7,9,6,6,3,0
753,2017-05-06,68915001000,68915001,2,17,19,24,37,41,3,6,7,2,4,0
754,2017-05-13,70765850000,70765850,2,8,17,24,29,31,32,5,10,5,0,0
755,2017-05-20,71300635000,71300635,13,14,26,28,30,36,37,8,10,6,2,0
756,2017-05-27,70992946000,70992946,10,14,16,18,27,28,4,5,9,5,0,0
757,2017-06-03,71053002000,71053002,6,7,11,17,33,44,1,21,10,11,9,1
758,2017-06-10,71764259000,71764259,5,9,12,30,39,43,24,8,8,2,4,2
759,2017-06-17,72632208000,72632208,9,33,36,40,42,43,32,6,9,4,2,0
760,2017-06-24,72200797000,72200797,10,22,27,31,42,43,12,8,8,6,2,0
761,2017-07-01,71415903000,71415903,4,7,11,24,42,45,30,7,14,4,3,0
762,2017-07-08,70558895000,70558895,1,3,12,21,26,41,16,10,6,4,6,0
763,2017-07-15,70652100000,70652100,3,8,16,32,34,43,10,8,17,4,4,0
764,2017-07-22,70318932000,70318932,7,22,24,31,34,36,15,7,6,6,1,0
765,2017-07-29,70972360000,70972360,1,3,8,12,42,43,33,15,8,5,10,0
766,2017-08-05,69500769000,69500769,9,30,34,35,39,41,21,8,8,6,1,1
767,2017-08-12,71285599000,71285599,5,15,20,31,34,42,22,15,15,8,7,0
768,2017-08-19,72306975000,72306975,7,27,29,30,38,44,4,13,6,12,1,0
769,2017-08-26,72873431000,72873431,5,7,11,16,41,45,4,9,6,6,3,0
770,2017-09-02,74166379000,74166379,1,9,12,23,39,43,34,8,9,5,3,0
771,2017-09-09,73545939000,73545939,6,10,17,18,21,29,30,4,9,3,1,0
772,2017-09-16,74375369000,74375369,5,6,11,14,21,41,32,10,13,4,6,0
773,2017-09-23,74560597000,74560597,8,12,19,21,31,35,44,11,12,4,7,0
774,2017-09-30,77347021000,77347021,12,15,18,28,34,42,9,11,14,10,0,1
775,2017-10-07,70795452000,70795452,11,12,29,33,38,42,17,5,5,5,0,0
776,2017-10-14,74826082000,74826082,8,9,18,21,28,40,20,7,9,4,2,1
777,2017-10-21,75534360000,75534360,6,12,17,21,34,37,18,21,11,10,11,0
778,2017-10-28,75075606000,75075606,6,21,35,36,37,41,11,3,8,3,0,0
779,2017-11-04,73773676000,73773676,6,12,19,24,34,41,4,11,2,5,5,1
780,2017-11-11,74232084000,74232084,15,17,19,21,27,45,16,11,13,10,1,0
781,2017-11-18,72483157000,72483157,11,16,18,19,24,39,43,9,9,7,2,0
782,2017-11-25,72253973000,72253973,6,18,31,34,38,45,20,9,8,8,1,0
783,2017-12-02,73525256000,73525256,14,15,16,17,38,45,36,4,14,3,1,0
784,2017-12-09,74311382000,74311382,3,10,23,24,31,39,22,9,9,5,4,0
785,2017-12-16,72974563000,72974563,4,6,15,25,26,33,40,6,14,6,0,0
786,2017-12-23,75930156000,75930156,12,15,16,20,24,30,38,4,6,2,0,2
787,2017-12-30,79593923000,79593923,5,6,13,16,27,28,9,6,11,3,3,0
788,2018-01-06,78121882000,78121882,2,10,11,19,35,39,29,13,10,7,6,0
789,2018-01-13,76136603000,76136603,2,6,7,12,19,45,38,15,8,8,6,1
790,2018-01-20,78978881000,78978881,3,8,19,27,30,41,12,16,10,4,11,1
791,2018-01-27,74205844000,74205844,2,10,12,31,33,42,32,14,12,5,9,0
792,2018-02-03,76339003000,76339003,2,7,19,25,29,36,16,7,11,6,1,0
793,2018-02-10,76177477000,76177477,10,15,21,35,38,43,31,5,9,5,0,0
794,2018-02-17,79941579000,79941579,6,7,18,19,30,38,13,7,9,6,1,0
795,2018-02-24,79661342000,79661342,3,10,13,26,34,38,36,11,17,6,5,0
796,2018-03-03,77685943000,77685943,1,21,26,36,40,41,5,7,8,7,0,0
797,2018-03-10,77339940000,77339940,5,22,31,32,39,45,36,8,10,8,0,0
798,2018-03-17,77038759000,77038759,2,10,14,22,32,36,41,7,8,3,4,0
799,2018-03-24,76708986000,76708986,12,17,23,34,42,45,33,10,4,6,4,0
800,2018-03-31,76994062000,76994062,1,4,10,12,28,45,26,11,17,7,3,1
801,2018-04-07,74034792000,74034792,17,25,28,37,43,44,2,8,10,6,1,1
802,2018-04-14,75146781000,75146781,10,11,12,18,24,42,27,16,5,5,11,0
803,2018-04-21,75670793000,75670793,5,9,14,26,30,43,2,5,9,4,1,0
804,2018-04-28,74557028000,74557028,1,10,13,26,32,36,9,11,5,5,5,1
805,2018-05-05,73065981000,73065981,3,12,13,18,31,32,42,4,11,3,0,1
806,2018-05-12,74030583000,74030583,14,20,23,31,37,38,27,7,6,5,1,1
807,2018-05-19,73831580000,73831580,6,10,18,25,34,35,33,7,9,2,5,0
808,2018-05-26,74911438000,74911438,15,21,31,32,41,43,24,6,9,4,2,0
809,2018-06-02,74214104000,74214104,6,11,15,17,23,40,39,6,7,6,0,0
810,2018-06-09,74388355000,74388355,5,10,13,21,39,43,11,8,11,6,2,0
811,2018-06-16,74570813000,74570813,8,11,19,21,36,45,25,7,5,4,2,1
812,2018-06-23,74147816000,74147816,1,3,12,14,16,43,10,6,12,3,2,1
813,2018-06-30,73394947000,73394947,11,30,34,35,42,44,27,4,18,4,0,0
814,2018-07-07,74316543000,74316543,2,21,28,38,42,45,30,6,8,3,3,0
815,2018-07-14,73416400000,73416400,17,21,25,26,27,36,4,7,5,5,0,2
816,2018-07-21,72397826000,72397826,12,18,19,29,31,39,7,8,11,6,2,0
817,2018-07-28,72552766000,72552766,3,9,12,13,25,43,34,9,15,2,6,1
818,2018-08-04,71793353000,71793353,14,15,25,28,29,30,3,13,11,8,4,1
819,2018-08-11,74578907000,74578907,16,25,33,38,40,45,15,7,8,4,3,0
820,2018-08-18,75744571000,75744571,10,21,22,30,35,42,6,4,7,3,1,0
821,2018-08-25,76118239000,76118239,1,12,13,24,29,44,16,14,14,8,6,0
822,2018-09-01,75681739000,75681739,9,18,20,24,27,36,12,3,12,1,1,1
823,2018-09-08,77400124000,77400124,12,18,24,26,39,40,15,9,11,8,1,0
824,2018-09-15,78257422000,78257422,7,9,24,29,34,38,26,15,13,13,1,1
825,2018-09-22,82890578000,82890578,8,15,21,31,33,38,42,12,6,6,5,1
826,2018-09-29,78218740000,78218740,13,16,24,25,33,36,42,9,5,6,2,1
827,2018-10-06,76490125000,76490125,5,11,12,29,33,44,14,15,12,8,7,0
828,2018-10-13,77552827000,77552827,4,7,13,29,31,39,18,13,6,9,3,1
829,2018-10-20,77998807000,77998807,4,5,31,35,43,45,29,8,7,5,2,1
830,2018-10-27,77714000000,77714000,5,6,16,18,37,38,17,9,8,6,3,0
831,2018-11-03,77622753000,77622753,3,10,16,19,31,39,9,16,16,7,7,2
832,2018-11-10,77411900000,77411900,13,14,19,26,40,43,30,9,11,5,4,0
833,2018-11-17,77738402000,77738402,12,18,30,39,41,42,19,8,6,7,1,0
834,2018-11-24,75941791000,75941791,6,8,18,35,42,43,3,11,14,7,4,0
835,2018-12-01,77694435000,77694435,9,10,13,28,38,45,35,15,12,10,5,0
836,2018-12-08,74536697000,74536697,1,9,11,14,26,28,19,14,7,10,3,1
837,2018-12-15,76614176000,76614176,2,25,28,30,33,45,6,6,4,3,2,1
838,2018-12-22,79414484000,79414484,9,14,17,33,36,38,20,5,10,3,2,0
839,2018-12-29,79219710000,79219710,3,9,11,12,13,19,35,13,12,7,4,2
840,2019-01-05,84057771000,84057771,2,4,11,28,29,43,27,10,16,7,2,1
841,2019-01-12,81580789000,81580789,5,11,14,30,33,38,24,17,11,9,8,0
842,2019-01-19,81957444000,81957444,14,26,32,36,39,42,38,10,11,10,0,0
843,2019-01-26,81857498000,81857498,19,21,30,33,34,42,4,5,11,4,1,0
844,2019-02-02,87805610000,87805610,7,8,13,15,33,45,18,18,11,13,3,2
845,2019-02-09,83884034000,83884034,1,16,29,33,40,45,6,11,11,9,2,0
846,2019-02-16,83936839000,83936839,5,18,30,41,43,45,13,13,10,8,4,1
847,2019-02-23,83782512000,83782512,12,16,26,28,30,42,22,8,12,7,1,0
848,2019-03-02,84523266000,84523266,1,2,16,22,38,39,34,7,9,6,1,0
849,2019-03-09,82333674000,82333674,5,13,17,29,34,39,3,17,7,10,7,0
850,2019-03-16,81474176000,81474176,16,20,24,28,36,39,5,6,12,5,1,0
851,2019-03-23,81099116000,81099116,14,18,22,26,31,44,40,8,11,6,2,0
852,2019-03-30,81470793000,81470793,11,17,28,30,33,35,9,4,7,3,1,0
853,2019-04-06,82244370000,82244370,2,8,23,26,27,44,13,7,8,3,3,1
854,2019-04-13,81823338000,81823338,20,25,31,32,36,43,3,6,11,3,2,1
855,2019-04-20,82374732000,82374732,8,15,17,19,43,44,7,9,13,7,2,0
856,2019-04-27,80496424000,80496424,10,24,40,41,43,44,17,5,9,3,1,1
857,2019-05-04,80933117000,80933117,6,10,16,28,34,38,43,15,9,6,8,1
858,2019-05-11,81366889000,81366889,9,13,32,38,39,43,23,9,12,8,1,0
859,2019-05-18,80944223000,80944223,8,22,35,38,39,41,24,11,11,9,1,1
860,2019-05-25,81846672000,81846672,4,8,18,25,27,32,42,10,13,6,3,1
861,2019-06-01,81032551000,81032551,11,17,19,21,22,25,24,4,11,3,1,0
862,2019-06-08,80609005000,80609005,10,34,38,40,42,43,32,9,15,7,2,0
863,2019-06-15,81288540000,81288540,16,21,28,35,39,43,12,7,8,6,1,0
864,2019-06-22,82220290000,82220290,3,7,10,13,25,36,32,11,11,7,2,2
865,2019-06-29,81748217000,81748217,3,15,22,32,33,45,2,13,8,6,7,0
866,2019-07-06,81961886000,81961886,9,15,29,34,37,39,12,9,10,4,3,2
867,2019-07-13,81607190000,81607190,14,17,19,22,24,40,41,5,7,4,1,0
868,2019-07-20,80549078000,80549078,12,17,28,41,43,44,25,6,7,3,3,0
869,2019-07-27,80268389000,80268389,2,6,20,27,37,39,4,10,4,8,2,0
870,2019-08-03,78688663000,78688663,21,25,30,32,40,42,31,10,7,6,4,0
871,2019-08-10,79527502000,79527502,2,6,12,26,30,34,38,7,11,6,1,0
872,2019-08-17,81002518000,81002518,2,4,30,32,33,43,29,16,8,11,4,1
873,2019-08-24,82375586000,82375586,3,5,12,13,33,39,38,10,11,5,5,0
874,2019-08-31,82990138000,82990138,1,15,19,23,28,42,32,18,8,10,8,0
875,2019-09-07,80635281000,80635281,19,22,30,34,39,44,36,14,14,13,1,0
876,2019-09-14,85088368000,85088368,5,16,21,26,34,42,24,19,6,13,5,1
877,2019-09-21,84584730000,84584730,5,17,18,22,23,43,12,12,8,8,4,0
878,2019-09-28,84183676000,84183676,2,6,11,16,25,31,3,6,11,5,1,0
879,2019-10-05,83174251000,83174251,1,4,10,14,15,35,20,6,11,4,2,0
880,2019-10-12,83862502000,83862502,7,17,19,23,24,45,38,7,10,5,2,0
881,2019-10-19,84495552000,84495552,4,18,20,26,27,32,9,8,18,6,1,1
882,2019-10-26,84351602000,84351602,18,34,39,43,44,45,23,5,9,5,0,0
883,2019-11-02,85624171000,85624171,9,18,32,33,37,44,22,15,8,14,1,0
884,2019-11-09,86554613000,86554613,4,14,23,28,37,45,17,12,10,10,2,0
885,2019-11-16,83396319000,83396319,1,3,24,27,39,45,31,13,13,11,2,0
886,2019-11-23,84186094000,84186094,19,23,28,37,42,45,2,7,14,6,1,0
887,2019-11-30,84416872000,84416872,8,14,17,27,36,45,10,8,16,4,3,1
888,2019-12-07,82777313000,82777313,3,7,12,31,34,38,32,8,9,5,3,0
889,2019-12-14,86734222000,86734222,3,13,29,38,39,42,26,10,8,4,6,0
890,2019-12-21,86693498000,86693498,1,4,14,18,29,37,6,9,12,9,0,0
891,2019-12-28,89742677000,89742677,9,13,28,31,39,41,19,7,9,3,3,1
892,2020-01-04,93091115000,93091115,4,9,17,18,26,42,36,17,11,8,9,0
893,2020-01-11,87661567000,87661567,1,15,17,23,25,41,10,9,15,8,1,0
894,2020-01-18,88465183000,88465183,19,32,37,40,41,43,45,9,7,9,0,0
895,2020-01-25,96962255000,96962255,16,26,31,38,39,41,23,12,11,10,2,0
896,2020-02-01,90461998000,90461998,5,12,25,26,38,45,23,7,14,5,2,0
897,2020-02-08,88231474000,88231474,6,7,12,22,26,36,29,13,12,6,7,0
898,2020-02-15,90067839000,90067839,18,21,28,35,37,42,17,8,5,4,3,1
899,2020-02-22,85877347000,85877347,8,19,20,21,33,39,37,6,12,4,2,0
900,2020-02-29,83639372000,83639372,7,13,16,18,35,38,14,6,15,5,1,0
901,2020-03-07,84783962000,84783962,5,18,20,23,30,34,21,9,3,3,2,4
902,2020-03-14,87501981000,87501981,7,19,23,24,36,39,30,13,13,8,5,0
903,2020-03-21,88625160000,88625160,2,15,16,21,22,28,45,13,11,10,2,1
904,2020-03-28,88938220000,88938220,2,6,8,26,43,45,11,8,9,6,2,0
905,2020-04-04,90357634000,90357634,3,4,16,27,38,40,20,7,12,4,3,0
906,2020-04-11,90948274000,90948274,2,5,14,28,31,32,20,9,11,9,0,0
907,2020-04-18,89331282000,89331282,21,27,29,38,40,44,37,7,11,6,1,0
908,2020-04-25,89923601000,89923601,3,16,21,22,23,44,30,8,17,6,2,0
909,2020-05-02,89543261000,89543261,7,24,29,30,34,35,33,11,11,4,7,0
910,2020-05-09,86308857000,86308857,1,11,17,27,35,39,31,21,7,9,12,0
911,2020-05-16,89332410000,89332410,4,5,12,14,32,42,35,10,9,4,5,1
912,2020-05-23,88599155000,88599155,5,8,18,21,22,38,10,14,12,7,5,2
913,2020-05-30,89336949000,89336949,6,14,16,21,27,37,40,16,11,14,2,0
914,2020-06-06,89558503000,89558503,16,19,24,33,42,44,27,11,14,7,4,0
915,2020-06-13,87862418000,87862418,2,6,11,13,22,37,14,6,8,4,2,0
916,2020-06-20,89133044000,89133044,6,21,22,32,35,36,17,11,13,5,5,1
917,2020-06-27,88950867000,88950867,1,3,23,24,27,43,34,10,12,8,2,0
918,2020-07-04,89200857000,89200857,7,11,12,31,33,38,5,18,10,10,8,0
919,2020-07-11,90218056000,90218056,9,14,17,18,42,44,35,5,5,3,1,1
920,2020-07-18,89805177000,89805177,2,3,26,33,34,43,29,7,9,4,3,0
921,2020-07-25,89888341000,89888341,5,7,12,22,28,41,1,17,10,16,1,0
922,2020-08-01,89266682000,89266682,2,6,13,17,27,43,36,6,6,3,3,0
923,2020-08-08,87867402000,87867402,3,17,18,23,36,41,26,8,12,6,2,0
924,2020-08-15,87708256000,87708256,3,11,34,42,43,44,13,9,13,8,1,0
925,2020-08-22,87901067000,87901067,13,24,32,34,39,42,4,12,7,8,3,1
926,2020-08-29,88372251000,88372251,10,16,18,20,25,31,6,10,13,7,3,0
927,2020-09-05,91067752000,91067752,4,15,22,38,41,43,26,6,13,4,1,1
928,2020-09-12,90818982000,90818982,3,4,10,20,28,44,30,7,3,3,3,1
929,2020-09-19,92344620000,92344620,7,9,12,15,19,23,4,16,14,9,6,1
930,2020-09-26,94518415000,94518415,8,21,25,38,39,44,28,8,7,8,0,0
931,2020-10-03,95695802000,95695802,14,15,23,25,35,43,32,8,16,8,0,0
932,2020-10-10,96049289000,96049289,1,6,15,36,37,38,5,7,13,5,2,0
933,2020-10-17,93484851000,93484851,23,27,29,31,36,45,37,8,12,8,0,0
934,2020-10-24,93028347000,93028347,1,3,30,33,36,39,12,4,11,3,1,0
935,2020-10-31,93934898000,93934898,4,10,20,32,38,44,18,13,8,5,8,0
936,2020-11-07,92246146000,92246146,7,11,13,17,18,29,43,14,10,10,3,1
937,2020-11-14,93720454000,93720454,2,10,13,22,29,40,26,11,9,9,2,0
938,2020-11-21,93452425000,93452425,4,8,10,16,31,36,9,10,9,10,0,0
939,2020-11-28,93340002000,93340002,4,11,28,39,42,45,6,13,11,6,7,0
940,2020-12-05,93920183000,93920183,3,15,20,22,24,41,11,8,22,3,4,1
941,2020-12-12,94867600000,94867600,12,14,25,27,39,40,35,16,10,7,8,1
942,2020-12-19,92731965000,92731965,10,12,18,35,42,43,39,6,9,4,2,0
943,2020-12-26,1.00E+11,100081432,1,8,13,36,44,45,39,7,13,4,3,0
944,2021-01-02,1.07E+11,107181377,2,13,16,19,32,33,42,13,16,7,6,0
945,2021-01-09,94837109000,94837109,9,10,15,30,33,37,26,13,10,10,3,0
946,2021-01-16,99380178000,99380178,9,18,19,30,34,40,20,11,6,6,5,0
947,2021-01-23,99449916000,99449916,3,8,17,20,27,35,26,18,17,14,2,2
948,2021-01-30,1.01E+11,100519459,13,18,30,31,38,41,5,11,14,3,7,1
949,2021-02-06,1.01E+11,100518909,14,21,35,36,40,44,30,10,16,9,0,1
950,2021-02-13,1.09E+11,108870714,3,4,15,22,28,40,10,8,14,4,3,1
951,2021-02-20,1.03E+11,102937006,2,12,30,31,39,43,38,14,13,8,5,1
952,2021-02-27,1.02E+11,102355646,4,12,22,24,33,41,38,9,16,4,5,0
953,2021-03-06,99180891000,99180891,7,9,22,27,37,42,34,14,15,9,5,0
954,2021-03-13,1.01E+11,101455314,1,9,26,28,30,41,32,10,8,8,2,0
955,2021-03-20,99784736000,99784736,4,9,23,26,29,33,8,12,9,9,2,1
956,2021-03-27,97065255000,97065255,10,11,20,21,25,41,40,11,15,4,6,1
957,2021-04-03,96654698000,96654698,4,15,24,35,36,40,1,11,19,7,4,0
958,2021-04-10,98635947000,98635947,2,9,10,16,35,37,1,15,10,11,4,0
959,2021-04-17,97435835000,97435835,1,14,15,24,40,41,35,8,15,7,1,0
960,2021-04-24,98784879000,98784879,2,18,24,30,32,45,14,10,19,9,0,1
961,2021-05-01,97153309000,97153309,11,20,29,31,33,42,43,9,7,5,4,0
962,2021-05-08,95956365000,95956365,1,18,28,31,34,43,40,12,12,8,4,0
963,2021-05-15,95452215000,95452215,6,12,19,23,34,42,35,15,14,8,7,0
964,2021-05-22,95549895000,95549895,6,21,36,38,39,43,30,10,10,8,2,0
965,2021-05-29,96174650000,96174650,2,13,25,28,29,36,34,7,19,5,1,1
966,2021-06-05,95640447000,95640447,1,21,25,29,34,37,36,10,11,9,1,0
967,2021-06-12,94515565000,94515565,1,6,13,37,38,40,9,4,12,2,2,0
968,2021-06-19,95924229000,95924229,2,5,12,14,24,39,33,13,7,8,4,1
969,2021-06-26,96728751000,96728751,3,9,10,29,40,45,7,20,16,13,6,1
970,2021-07-03,93268371000,93268371,9,11,16,21,28,36,5,14,8,7,5,2
971,2021-07-10,94471924000,94471924,2,6,17,18,21,26,7,6,14,4,1,1
972,2021-07-17,93916813000,93916813,3,6,17,23,37,39,26,20,13,16,4,0
973,2021-07-24,93953872000,93953872,22,26,31,37,41,42,24,8,11,8,0,0
974,2021-07-31,94146055000,94146055,1,2,11,16,39,44,32,17,16,11,5,1
975,2021-08-07,94253719000,94253719,7,8,9,17,22,24,5,9,17,7,2,0
976,2021-08-14,97492178000,97492178,4,12,14,25,35,37,2,7,9,4,3,0
977,2021-08-21,95895844000,95895844,2,9,10,14,22,44,16,14,13,8,6,0
978,2021-08-28,98855197000,98855197,1,7,15,32,34,42,8,10,9,5,5,0
979,2021-09-04,99507886000,99507886,7,11,16,21,27,33,24,14,11,8,4,2
980,2021-09-11,99593380000,99593380,3,13,16,23,24,35,14,7,13,5,2,0
981,2021-09-18,1.06E+11,105645424,27,36,37,41,43,45,32,13,5,8,4,1
982,2021-09-25,1.01E+11,101344251,5,7,13,20,21,44,33,8,8,3,4,1
983,2021-10-02,1.02E+11,101899006,13,23,26,31,35,43,15,10,13,9,1,0
984,2021-10-09,98762367000,98762367,3,10,23,35,36,37,18,7,9,7,0,0
985,2021-10-16,98811446000,98811446,17,21,23,30,34,44,19,10,8,8,2,0
986,2021-10-23,99041240000,99041240,7,10,16,28,41,42,40,10,10,7,2,1
987,2021-10-30,1.00E+11,100269530,2,4,15,23,29,38,7,10,13,5,4,1
988,2021-11-06,98606195000,98606195,2,13,20,30,31,41,27,9,10,8,1,0
989,2021-11-13,96525658000,96525658,17,18,21,27,29,33,26,4,12,4,0,0
990,2021-11-20,99567047000,99567047,2,4,25,26,36,37,28,14,12,11,3,0
991,2021-11-27,98026282000,98026282,13,18,25,31,33,44,38,8,4,5,3,0
992,2021-12-04,97066498000,97066498,12,20,26,33,44,45,24,12,7,9,3,0
993,2021-12-11,99323653000,99323653,6,14,16,18,24,42,44,6,14,4,1,1
994,2021-12-18,95530936000,95530936,1,3,8,24,27,35,28,12,9,8,4,0
995,2021-12-25,1.01E+11,100878455,1,4,13,29,38,39,7,7,9,7,0,0
996,2022-01-01,1.13E+11,112624327,6,11,15,24,32,39,28,18,16,13,5,0
997,2022-01-08,1.02E+11,102431961,4,7,14,16,24,44,20,19,13,12,6,1
998,2022-01-15,1.02E+11,101681869,13,17,18,20,42,45,41,12,9,11,1,0
999,2022-01-22,1.03E+11,102581351,1,3,9,14,18,28,34,16,9,11,5,0
1000,2022-01-29,1.19E+11,118628811,2,8,19,22,32,42,39,22,15,7,14,1
1001,2022-02-05,1.04E+11,103967487,6,10,12,14,20,42,15,12,10,10,2,0
1002,2022-02-12,1.06E+11,105795484,17,25,33,35,38,45,15,8,19,5,3,0
1003,2022-02-19,1.03E+11,103479378,1,4,29,39,43,45,31,14,16,8,6,0
1004,2022-02-26,1.06E+11,106112471,7,15,30,37,39,44,18,10,13,9,1,0
1005,2022-03-05,1.04E+11,103755249,8,13,18,24,27,29,17,12,13,7,4,1
1006,2022-03-12,1.05E+11,104542431,8,11,15,16,17,37,36,9,7,7,2,0
1007,2022-03-19,1.02E+11,101530003,8,11,16,19,21,25,40,9,11,6,2,1
1008,2022-03-26,1.04E+11,103727042,9,11,30,31,41,44,33,11,11,8,3,0
1009,2022-04-02,1.04E+11,103771363,15,23,29,34,40,44,20,15,10,10,5,0
1010,2022-04-09,1.03E+11,103011505,9,12,15,25,34,36,3,8,15,6,2,0
1011,2022-04-16,1.02E+11,101799373,1,9,12,26,35,38,42,11,13,6,5,0
1012,2022-04-23,1.02E+11,101948323,5,11,18,20,35,45,3,13,16,12,1,0
1013,2022-04-30,1.02E+11,101747653,21,22,26,34,36,41,32,5,10,5,0,0
1014,2022-05-07,1.02E+11,102396369,3,11,14,18,26,27,21,10,12,4,4,2
1015,2022-05-14,1.03E+11,102562683,14,23,31,33,37,40,44,8,7,3,5,0
1016,2022-05-21,1.02E+11,101583153,15,26,28,34,41,42,44,11,10,10,1,0
1017,2022-05-28,1.01E+11,101382790,12,18,22,23,30,34,32,7,11,6,1,0
1018,2022-06-04,1.01E+11,101151805,3,19,21,25,37,45,35,2,12,2,0,0
1019,2022-06-11,1.03E+11,102804882,1,4,13,17,34,39,6,50,13,6,42,2
1020,2022-06-18,1.05E+11,104996396,12,27,29,38,41,45,6,13,6,12,1,0
1021,2022-06-25,1.02E+11,101960162,12,15,17,24,29,45,16,12,17,11,1,0
1022,2022-07-02,99233031000,99233031,5,6,11,29,42,45,28,5,10,5,0,0
1023,2022-07-09,1.00E+11,100399659,10,14,16,18,29,35,25,9,14,6,2,1
1024,2022-07-16,1.00E+11,100081038,9,18,20,22,38,44,10,8,16,7,1,0
1025,2022-07-23,1.01E+11,101318529,8,9,20,25,29,33,7,4,19,4,0,0
1026,2022-07-30,1.02E+11,101556379,5,12,13,31,32,41,34,15,13,13,2,0
1027,2022-08-06,1.01E+11,101195159,14,16,27,35,39,45,5,10,15,7,3,0
1028,2022-08-13,1.01E+11,100613537,5,7,12,13,18,35,23,20,13,18,2,0
1029,2022-08-20,1.01E+11,101336312,12,30,32,37,39,41,24,10,16,9,0,1
1030,2022-08-27,1.05E+11,104899923,2,5,11,17,24,29,9,19,16,8,8,3
1031,2022-09-03,1.04E+11,104316078,6,7,22,32,35,36,19,8,14,6,2,0
1032,2022-09-10,1.11E+11,110907011,1,6,12,19,36,42,28,10,14,8,2,0
1033,2022-09-17,1.05E+11,104642258,3,11,15,20,35,44,10,13,11,9,4,0
1034,2022-09-24,1.07E+11,107150089,26,31,32,33,38,40,11,9,16,7,2,0
1035,2022-10-01,1.07E+11,106759523,9,14,34,35,41,42,2,8,15,7,1,0
1036,2022-10-08,1.04E+11,103753936,2,5,22,32,34,45,39,9,19,5,4,0
1037,2022-10-15,1.05E+11,104840173,2,14,15,22,27,33,31,15,13,11,4,0
1038,2022-10-22,1.05E+11,104932409,7,16,24,27,37,44,2,15,19,10,5,0
1039,2022-10-29,1.05E+11,105259066,2,3,6,19,36,39,26,16,12,15,0,1
1040,2022-11-05,1.04E+11,104007239,8,16,26,29,31,36,11,7,8,5,2,0
1041,2022-11-12,1.05E+11,105301601,6,7,9,11,17,18,45,25,8,6,19,0
1042,2022-11-19,1.07E+11,106510259,5,14,15,23,34,43,4,20,9,7,12,1
1043,2022-11-26,1.07E+11,107045942,3,5,12,22,26,31,19,17,12,12,5,0
1044,2022-12-03,1.03E+11,102891973,12,17,20,26,28,36,4,8,13,6,2,0
1045,2022-12-10,1.05E+11,105380282,6,14,15,19,21,41,37,13,12,10,2,1
1046,2022-12-17,1.01E+11,100923993,7,16,25,29,35,36,28,12,15,7,4,1
1047,2022-12-24,1.03E+11,103058179,2,20,33,40,42,44,32,9,20,6,3,0
1048,2022-12-31,1.17E+11,117323901,6,12,17,21,32,39,30,17,7,13,4,0
1049,2023-01-07,1.08E+11,108444724,3,5,13,20,21,37,17,15,10,9,6,0
1050,2023-01-14,1.08E+11,108072602,6,12,31,35,38,43,17,17,12,14,3,0
1051,2023-01-21,1.19E+11,119243907,21,26,30,32,33,35,44,18,13,17,1,0
1052,2023-01-28,1.08E+11,107565461,5,17,26,27,35,38,1,11,16,5,5,1
1053,2023-02-04,1.14E+11,113721665,22,26,29,30,34,45,15,7,12,7,0,0
1054,2023-02-11,1.14E+11,113660567,14,19,27,28,30,45,33,9,13,7,2,0
1055,2023-02-18,1.12E+11,112488256,4,7,12,14,22,33,31,11,13,5,6,0
1056,2023-02-25,1.13E+11,113279615,13,20,24,32,36,45,29,14,14,11,2,1
1057,2023-03-04,1.13E+11,112523887,8,13,19,27,40,45,12,17,16,13,4,0
1058,2023-03-11,1.12E+11,112041382,11,23,25,30,32,40,42,13,23,7,5,1
1059,2023-03-18,1.11E+11,110846824,7,10,22,25,34,40,27,13,14,8,4,1
1060,2023-03-25,1.11E+11,110677185,3,10,24,33,38,45,36,28,16,12,15,1
1061,2023-04-01,1.10E+11,109909344,4,24,27,35,37,45,15,11,18,4,4,3
1062,2023-04-08,1.07E+11,107109911,20,31,32,40,41,45,12,7,14,7,0,0
1063,2023-04-15,1.08E+11,108347135,3,6,22,23,24,38,30,7,13,7,0,0
1064,2023-04-22,1.09E+11,109427584,3,6,9,18,22,35,14,19,15,7,7,5
1065,2023-04-29,1.08E+11,108181727,3,18,19,23,32,45,24,14,11,9,4,1
1066,2023-05-06,1.06E+11,106440950,6,11,16,19,21,32,45,15,16,11,3,1
1067,2023-05-13,1.11E+11,110703299,7,10,19,23,28,33,18,13,19,5,8,0
1068,2023-05-20,1.09E+11,108988932,4,7,19,26,33,35,3,19,20,13,5,1
1069,2023-05-27,1.08E+11,108388892,1,10,18,22,28,31,44,14,14,8,5,1
1070,2023-06-03,1.07E+11,107222802,3,6,14,22,30,41,36,14,16,12,2,0
1071,2023-06-10,1.07E+11,107362630,1,2,11,21,30,35,39,5,9,5,0,0
1072,2023-06-17,1.08E+11,108156654,16,18,20,23,32,43,27,12,5,9,3,0
1073,2023-06-24,1.07E+11,107352123,6,18,28,30,32,38,15,11,13,9,2,0
1074,2023-07-01,1.06E+11,105744157,1,6,20,27,28,41,15,12,6,11,1,0
1075,2023-07-08,1.06E+11,105635232,1,23,24,35,44,45,10,9,15,9,0,0
1076,2023-07-15,1.03E+11,103168694,3,7,9,33,36,37,10,9,14,5,3,1
1077,2023-07-22,1.06E+11,105927489,4,8,17,30,40,43,34,7,15,3,4,0
1078,2023-07-29,1.05E+11,105407618,6,10,11,14,36,38,43,12,9,10,1,1
1079,2023-08-05,1.03E+11,103120206,4,8,18,24,37,45,6,9,7,4,5,0
1080,2023-08-12,1.04E+11,104111986,13,16,23,31,36,44,38,7,13,7,0,0
1081,2023-08-19,1.07E+11,106974323,1,9,16,23,24,38,17,11,10,9,2,0
1082,2023-08-26,1.08E+11,107566880,21,26,27,32,34,42,31,7,12,5,2,0
1083,2023-09-02,1.09E+11,108995141,3,7,14,15,22,38,17,15,18,8,7,0
1084,2023-09-09,1.10E+11,109818924,8,12,13,29,33,42,5,15,15,11,4,0
1085,2023-09-16,1.06E+11,106249975,4,7,17,18,38,44,36,23,17,14,8,1
1086,2023-09-23,1.09E+11,109250306,11,16,25,27,35,36,37,17,16,12,5,0
1087,2023-09-30,1.14E+11,113960897,13,14,18,21,34,44,16,16,16,14,1,1
1088,2023-10-07,1.09E+11,109089305,11,21,22,30,39,44,31,11,12,10,1,0
1089,2023-10-14,1.09E+11,108725932,4,18,31,37,42,43,40,9,13,6,3,0
1090,2023-10-21,1.08E+11,108364862,12,19,21,29,40,45,1,11,15,9,2,0
1091,2023-10-28,1.09E+11,109335581,6,20,23,24,28,30,44,9,18,9,0,0
